"기준일자","상품명","당일신규실행건수","당일신규실행금액(억원)"
"2020-01-01","일반상환학자금_등록금","0","0"
"2020-01-01","일반상환학자금_생활비","0","0"
"2020-01-01","취업후상환학자금_등록금","0","0"
"2020-01-01","취업후상환학자금_생활비","0","0"
"2020-01-09","일반상환학자금_등록금","1131","60"
"2020-01-09","일반상환학자금_생활비","421","6"
"2020-01-09","취업후상환학자금_등록금","3","0"
"2020-01-09","취업후상환학자금_생활비","48","0"
"2020-01-10","일반상환학자금_등록금","804","43"
"2020-01-10","일반상환학자금_생활비","300","4"
"2020-01-10","취업후상환학자금_등록금","2","0"
"2020-01-10","취업후상환학자금_생활비","72","0"
"2020-01-11","일반상환학자금_등록금","537","30"
"2020-01-11","일반상환학자금_생활비","205","3"
"2020-01-11","취업후상환학자금_등록금","5","0"
"2020-01-11","취업후상환학자금_생활비","85","0"
"2020-01-12","일반상환학자금_등록금","0","0"
"2020-01-12","일반상환학자금_생활비","0","0"
"2020-01-12","취업후상환학자금_등록금","0","0"
"2020-01-12","취업후상환학자금_생활비","0","0"
"2020-01-13","일반상환학자금_등록금","0","0"
"2020-01-13","일반상환학자금_생활비","0","0"
"2020-01-13","취업후상환학자금_등록금","0","0"
"2020-01-13","취업후상환학자금_생활비","0","0"
"2020-01-14","일반상환학자금_등록금","695","35"
"2020-01-14","일반상환학자금_생활비","318","4"
"2020-01-14","취업후상환학자금_등록금","7","0"
"2020-01-14","취업후상환학자금_생활비","73","0"
"2020-01-15","일반상환학자금_등록금","499","25"
"2020-01-15","일반상환학자금_생활비","250","3"
"2020-01-15","취업후상환학자금_등록금","6","0"
"2020-01-15","취업후상환학자금_생활비","168","1"
"2020-01-16","일반상환학자금_등록금","551","26"
"2020-01-16","일반상환학자금_생활비","281","3"
"2020-01-16","취업후상환학자금_등록금","7","0"
"2020-01-16","취업후상환학자금_생활비","169","1"
"2020-01-17","일반상환학자금_등록금","406","20"
"2020-01-17","일반상환학자금_생활비","279","3"
"2020-01-17","취업후상환학자금_등록금","11","0"
"2020-01-17","취업후상환학자금_생활비","161","1"
"2020-01-18","일반상환학자금_등록금","287","11"
"2020-01-18","일반상환학자금_생활비","232","2"
"2020-01-18","취업후상환학자금_등록금","25","1"
"2020-01-18","취업후상환학자금_생활비","178","1"
"2020-01-19","일반상환학자금_등록금","0","0"
"2020-01-19","일반상환학자금_생활비","0","0"
"2020-01-19","취업후상환학자금_등록금","0","0"
"2020-01-19","취업후상환학자금_생활비","0","0"
"2020-01-20","일반상환학자금_등록금","0","0"
"2020-01-20","일반상환학자금_생활비","0","0"
"2020-01-20","취업후상환학자금_등록금","0","0"
"2020-01-20","취업후상환학자금_생활비","0","0"
"2020-01-21","일반상환학자금_등록금","426","12"
"2020-01-21","일반상환학자금_생활비","309","3"
"2020-01-21","취업후상환학자금_등록금","80","2"
"2020-01-21","취업후상환학자금_생활비","307","2"
"2020-01-22","일반상환학자금_등록금","613","26"
"2020-01-22","일반상환학자금_생활비","555","5"
"2020-01-22","취업후상환학자금_등록금","104","3"
"2020-01-22","취업후상환학자금_생활비","2800","14"
"2020-01-23","일반상환학자금_등록금","406","17"
"2020-01-23","일반상환학자금_생활비","406","3"
"2020-01-23","취업후상환학자금_등록금","63","2"
"2020-01-23","취업후상환학자금_생활비","1977","10"
"2020-01-24","일반상환학자금_등록금","275","11"
"2020-01-24","일반상환학자금_생활비","365","3"
"2020-01-24","취업후상환학자금_등록금","34","1"
"2020-01-24","취업후상환학자금_생활비","1840","9"
"2020-01-25","일반상환학자금_등록금","0","0"
"2020-01-25","일반상환학자금_생활비","0","0"
"2020-01-25","취업후상환학자금_등록금","0","0"
"2020-01-25","취업후상환학자금_생활비","0","0"
"2020-01-26","일반상환학자금_등록금","0","0"
"2020-01-26","일반상환학자금_생활비","0","0"
"2020-01-26","취업후상환학자금_등록금","0","0"
"2020-01-26","취업후상환학자금_생활비","0","0"
"2020-01-27","일반상환학자금_등록금","0","0"
"2020-01-27","일반상환학자금_생활비","0","0"
"2020-01-27","취업후상환학자금_등록금","0","0"
"2020-01-27","취업후상환학자금_생활비","0","0"
"2020-01-28","일반상환학자금_등록금","0","0"
"2020-01-28","일반상환학자금_생활비","0","0"
"2020-01-28","취업후상환학자금_등록금","0","0"
"2020-01-28","취업후상환학자금_생활비","0","0"
"2020-01-29","일반상환학자금_등록금","643","28"
"2020-01-29","일반상환학자금_생활비","544","5"
"2020-01-29","취업후상환학자금_등록금","69","2"
"2020-01-29","취업후상환학자금_생활비","1975","10"
"2020-01-30","일반상환학자금_등록금","1180","49"
"2020-01-30","일반상환학자금_생활비","629","7"
"2020-01-30","취업후상환학자금_등록금","174","6"
"2020-01-30","취업후상환학자금_생활비","1623","9"
"2020-01-31","일반상환학자금_등록금","929","35"
"2020-01-31","일반상환학자금_생활비","872","8"
"2020-01-31","취업후상환학자금_등록금","217","5"
"2020-01-31","취업후상환학자금_생활비","4348","22"
"2020-02-01","일반상환학자금_등록금","696","27"
"2020-02-01","일반상환학자금_생활비","710","6"
"2020-02-01","취업후상환학자금_등록금","179","4"
"2020-02-01","취업후상환학자금_생활비","3026","15"
"2020-02-02","일반상환학자금_등록금","0","0"
"2020-02-02","일반상환학자금_생활비","0","0"
"2020-02-02","취업후상환학자금_등록금","0","0"
"2020-02-02","취업후상환학자금_생활비","0","0"
"2020-02-03","일반상환학자금_등록금","0","0"
"2020-02-03","일반상환학자금_생활비","0","0"
"2020-02-03","취업후상환학자금_등록금","0","0"
"2020-02-03","취업후상환학자금_생활비","0","0"
"2020-02-04","일반상환학자금_등록금","1300","53"
"2020-02-04","일반상환학자금_생활비","1041","10"
"2020-02-04","취업후상환학자금_등록금","412","9"
"2020-02-04","취업후상환학자금_생활비","3552","19"
"2020-02-05","일반상환학자금_등록금","988","43"
"2020-02-05","일반상환학자금_생활비","736","7"
"2020-02-05","취업후상환학자금_등록금","237","6"
"2020-02-05","취업후상환학자금_생활비","2268","12"
"2020-02-06","일반상환학자금_등록금","4907","194"
"2020-02-06","일반상환학자금_생활비","2079","26"
"2020-02-06","취업후상환학자금_등록금","6155","176"
"2020-02-06","취업후상환학자금_생활비","4618","46"
"2020-02-07","일반상환학자금_등록금","5826","197"
"2020-02-07","일반상환학자금_생활비","2218","28"
"2020-02-07","취업후상환학자금_등록금","7198","186"
"2020-02-07","취업후상환학자금_생활비","5360","55"
"2020-02-08","일반상환학자금_등록금","3852","128"
"2020-02-08","일반상환학자금_생활비","1648","19"
"2020-02-08","취업후상환학자금_등록금","3375","89"
"2020-02-08","취업후상환학자금_생활비","3884","34"
"2020-02-09","일반상환학자금_등록금","0","0"
"2020-02-09","일반상환학자금_생활비","0","0"
"2020-02-09","취업후상환학자금_등록금","0","0"
"2020-02-09","취업후상환학자금_생활비","0","0"
"2020-02-10","일반상환학자금_등록금","0","0"
"2020-02-10","일반상환학자금_생활비","0","0"
"2020-02-10","취업후상환학자금_등록금","0","0"
"2020-02-10","취업후상환학자금_생활비","0","0"
"2020-02-11","일반상환학자금_등록금","2939","94"
"2020-02-11","일반상환학자금_생활비","1790","19"
"2020-02-11","취업후상환학자금_등록금","2313","62"
"2020-02-11","취업후상환학자금_생활비","4588","36"
"2020-02-12","일반상환학자금_등록금","1164","38"
"2020-02-12","일반상환학자금_생활비","1318","13"
"2020-02-12","취업후상환학자금_등록금","691","19"
"2020-02-12","취업후상환학자금_생활비","3381","24"
"2020-02-13","일반상환학자금_등록금","1140","38"
"2020-02-13","일반상환학자금_생활비","1137","11"
"2020-02-13","취업후상환학자금_등록금","683","20"
"2020-02-13","취업후상환학자금_생활비","2466","18"
"2020-02-14","일반상환학자금_등록금","792","28"
"2020-02-14","일반상환학자금_생활비","934","9"
"2020-02-14","취업후상환학자금_등록금","433","13"
"2020-02-14","취업후상환학자금_생활비","2572","17"
"2020-02-15","일반상환학자금_등록금","712","25"
"2020-02-15","일반상환학자금_생활비","1201","10"
"2020-02-15","취업후상환학자금_등록금","466","14"
"2020-02-15","취업후상환학자금_생활비","2323","16"
"2020-02-16","일반상환학자금_등록금","0","0"
"2020-02-16","일반상환학자금_생활비","0","0"
"2020-02-16","취업후상환학자금_등록금","0","0"
"2020-02-16","취업후상환학자금_생활비","0","0"
"2020-02-17","일반상환학자금_등록금","0","0"
"2020-02-17","일반상환학자금_생활비","0","0"
"2020-02-17","취업후상환학자금_등록금","0","0"
"2020-02-17","취업후상환학자금_생활비","0","0"
"2020-02-18","일반상환학자금_등록금","2377","75"
"2020-02-18","일반상환학자금_생활비","2323","24"
"2020-02-18","취업후상환학자금_등록금","3801","75"
"2020-02-18","취업후상환학자금_생활비","5125","43"
"2020-02-19","일반상환학자금_등록금","2770","87"
"2020-02-19","일반상환학자금_생활비","2212","23"
"2020-02-19","취업후상환학자금_등록금","3562","72"
"2020-02-19","취업후상환학자금_생활비","4635","41"
"2020-02-20","일반상환학자금_등록금","2989","96"
"2020-02-20","일반상환학자금_생활비","2496","26"
"2020-02-20","취업후상환학자금_등록금","3633","73"
"2020-02-20","취업후상환학자금_생활비","4260","38"
"2020-02-21","일반상환학자금_등록금","5780","200"
"2020-02-21","일반상환학자금_생활비","4801","51"
"2020-02-21","취업후상환학자금_등록금","6097","127"
"2020-02-21","취업후상환학자금_생활비","5818","56"
"2020-02-22","일반상환학자금_등록금","7534","289"
"2020-02-22","일반상환학자금_생활비","5135","58"
"2020-02-22","취업후상환학자금_등록금","7699","161"
"2020-02-22","취업후상환학자금_생활비","7375","72"
"2020-02-23","일반상환학자금_등록금","0","0"
"2020-02-23","일반상환학자금_생활비","0","0"
"2020-02-23","취업후상환학자금_등록금","0","0"
"2020-02-23","취업후상환학자금_생활비","0","0"
"2020-02-24","일반상환학자금_등록금","0","0"
"2020-02-24","일반상환학자금_생활비","0","0"
"2020-02-24","취업후상환학자금_등록금","0","0"
"2020-02-24","취업후상환학자금_생활비","0","0"
"2020-02-25","일반상환학자금_등록금","10523","386"
"2020-02-25","일반상환학자금_생활비","6194","73"
"2020-02-25","취업후상환학자금_등록금","14074","290"
"2020-02-25","취업후상환학자금_생활비","12360","126"
"2020-02-26","일반상환학자금_등록금","8256","305"
"2020-02-26","일반상환학자금_생활비","4457","53"
"2020-02-26","취업후상환학자금_등록금","8432","182"
"2020-02-26","취업후상환학자금_생활비","8010","82"
"2020-02-27","일반상환학자금_등록금","6130","232"
"2020-02-27","일반상환학자금_생활비","3396","40"
"2020-02-27","취업후상환학자금_등록금","5788","128"
"2020-02-27","취업후상환학자금_생활비","5766","58"
"2020-02-28","일반상환학자금_등록금","4357","167"
"2020-02-28","일반상환학자금_생활비","2562","29"
"2020-02-28","취업후상환학자금_등록금","4153","97"
"2020-02-28","취업후상환학자금_생활비","5109","50"
"2020-02-28","일반상환학자금_등록금","4357","167"
"2020-02-28","일반상환학자금_생활비","2562","29"
"2020-02-28","취업후상환학자금_등록금","4153","97"
"2020-02-28","취업후상환학자금_생활비","5108","50"
"2020-02-29","일반상환학자금_등록금","2707","91"
"2020-02-29","일반상환학자금_생활비","2091","23"
"2020-02-29","취업후상환학자금_등록금","2804","64"
"2020-02-29","취업후상환학자금_생활비","4465","42"
"2020-03-01","일반상환학자금_등록금","0","0"
"2020-03-01","일반상환학자금_생활비","0","0"
"2020-03-01","취업후상환학자금_등록금","0","0"
"2020-03-01","취업후상환학자금_생활비","0","0"
"2020-03-02","일반상환학자금_등록금","0","0"
"2020-03-02","일반상환학자금_생활비","0","0"
"2020-03-02","취업후상환학자금_등록금","0","0"
"2020-03-02","취업후상환학자금_생활비","0","0"
"2020-03-03","일반상환학자금_등록금","1228","44"
"2020-03-03","일반상환학자금_생활비","2311","23"
"2020-03-03","취업후상환학자금_등록금","1365","31"
"2020-03-03","취업후상환학자금_생활비","5755","53"
"2020-03-04","일반상환학자금_등록금","1228","44"
"2020-03-04","일반상환학자금_생활비","1675","17"
"2020-03-04","취업후상환학자금_등록금","1226","30"
"2020-03-04","취업후상환학자금_생활비","3761","35"
"2020-03-05","일반상환학자금_등록금","1676","60"
"2020-03-05","일반상환학자금_생활비","1665","17"
"2020-03-05","취업후상환학자금_등록금","1491","34"
"2020-03-05","취업후상환학자금_생활비","3416","31"
"2020-03-06","일반상환학자금_등록금","1529","58"
"2020-03-06","일반상환학자금_생활비","1433","15"
"2020-03-06","취업후상환학자금_등록금","1055","25"
"2020-03-06","취업후상환학자금_생활비","2915","26"
"2020-03-07","일반상환학자금_등록금","1287","44"
"2020-03-07","일반상환학자금_생활비","1482","15"
"2020-03-07","취업후상환학자금_등록금","1083","24"
"2020-03-07","취업후상환학자금_생활비","2956","25"
"2020-03-08","일반상환학자금_등록금","0","0"
"2020-03-08","일반상환학자금_생활비","0","0"
"2020-03-08","취업후상환학자금_등록금","0","0"
"2020-03-08","취업후상환학자금_생활비","0","0"
"2020-03-09","일반상환학자금_등록금","0","0"
"2020-03-09","일반상환학자금_생활비","0","0"
"2020-03-09","취업후상환학자금_등록금","0","0"
"2020-03-09","취업후상환학자금_생활비","0","0"
"2020-03-10","일반상환학자금_등록금","1702","60"
"2020-03-10","일반상환학자금_생활비","2140","22"
"2020-03-10","취업후상환학자금_등록금","1441","32"
"2020-03-10","취업후상환학자금_생활비","4103","35"
"2020-03-11","일반상환학자금_등록금","1279","43"
"2020-03-11","일반상환학자금_생활비","1592","16"
"2020-03-11","취업후상환학자금_등록금","931","22"
"2020-03-11","취업후상환학자금_생활비","2958","25"
"2020-03-12","일반상환학자금_등록금","1224","40"
"2020-03-12","일반상환학자금_생활비","1425","14"
"2020-03-12","취업후상환학자금_등록금","902","21"
"2020-03-12","취업후상환학자금_생활비","2541","21"
"2020-03-13","일반상환학자금_등록금","976","34"
"2020-03-13","일반상환학자금_생활비","1191","12"
"2020-03-13","취업후상환학자금_등록금","744","17"
"2020-03-13","취업후상환학자금_생활비","2335","20"
"2020-03-14","일반상환학자금_등록금","1034","33"
"2020-03-14","일반상환학자금_생활비","1373","13"
"2020-03-14","취업후상환학자금_등록금","767","17"
"2020-03-14","취업후상환학자금_생활비","2572","20"
"2020-03-15","일반상환학자금_등록금","0","0"
"2020-03-15","일반상환학자금_생활비","0","0"
"2020-03-15","취업후상환학자금_등록금","0","0"
"2020-03-15","취업후상환학자금_생활비","0","0"
"2020-03-16","일반상환학자금_등록금","0","0"
"2020-03-16","일반상환학자금_생활비","0","0"
"2020-03-16","취업후상환학자금_등록금","0","0"
"2020-03-16","취업후상환학자금_생활비","0","0"
"2020-03-17","일반상환학자금_등록금","968","34"
"2020-03-17","일반상환학자금_생활비","1677","16"
"2020-03-17","취업후상환학자금_등록금","712","16"
"2020-03-17","취업후상환학자금_생활비","3604","28"
"2020-03-18","일반상환학자금_등록금","832","27"
"2020-03-18","일반상환학자금_생활비","1328","13"
"2020-03-18","취업후상환학자금_등록금","631","15"
"2020-03-18","취업후상환학자금_생활비","2622","21"
"2020-03-19","일반상환학자금_등록금","763","26"
"2020-03-19","일반상환학자금_생활비","1146","11"
"2020-03-19","취업후상환학자금_등록금","588","14"
"2020-03-19","취업후상환학자금_생활비","2250","18"
"2020-03-20","일반상환학자금_등록금","662","23"
"2020-03-20","일반상환학자금_생활비","1120","11"
"2020-03-20","취업후상환학자금_등록금","994","29"
"2020-03-20","취업후상환학자금_생활비","2869","25"
"2020-03-21","일반상환학자금_등록금","599","21"
"2020-03-21","일반상환학자금_생활비","1187","11"
"2020-03-21","취업후상환학자금_등록금","654","19"
"2020-03-21","취업후상환학자금_생활비","2601","20"
"2020-03-22","일반상환학자금_등록금","0","0"
"2020-03-22","일반상환학자금_생활비","0","0"
"2020-03-22","취업후상환학자금_등록금","0","0"
"2020-03-22","취업후상환학자금_생활비","0","0"
"2020-03-23","일반상환학자금_등록금","0","0"
"2020-03-23","일반상환학자금_생활비","0","0"
"2020-03-23","취업후상환학자금_등록금","0","0"
"2020-03-23","취업후상환학자금_생활비","0","0"
"2020-03-24","일반상환학자금_등록금","482","15"
"2020-03-24","일반상환학자금_생활비","1383","12"
"2020-03-24","취업후상환학자금_등록금","651","16"
"2020-03-24","취업후상환학자금_생활비","3343","26"
"2020-03-25","일반상환학자금_등록금","784","22"
"2020-03-25","일반상환학자금_생활비","1240","12"
"2020-03-25","취업후상환학자금_등록금","951","22"
"2020-03-25","취업후상환학자금_생활비","2782","22"
"2020-03-26","일반상환학자금_등록금","1233","37"
"2020-03-26","일반상환학자금_생활비","1366","14"
"2020-03-26","취업후상환학자금_등록금","961","24"
"2020-03-26","취업후상환학자금_생활비","2529","20"
"2020-03-27","일반상환학자금_등록금","1434","49"
"2020-03-27","일반상환학자금_생활비","1302","13"
"2020-03-27","취업후상환학자금_등록금","1048","25"
"2020-03-27","취업후상환학자금_생활비","2400","19"
"2020-03-28","일반상환학자금_등록금","1020","35"
"2020-03-28","일반상환학자금_생활비","1228","12"
"2020-03-28","취업후상환학자금_등록금","662","16"
"2020-03-28","취업후상환학자금_생활비","2304","16"
"2020-03-29","일반상환학자금_등록금","0","0"
"2020-03-29","일반상환학자금_생활비","0","0"
"2020-03-29","취업후상환학자금_등록금","0","0"
"2020-03-29","취업후상환학자금_생활비","0","0"
"2020-03-30","일반상환학자금_등록금","0","0"
"2020-03-30","일반상환학자금_생활비","0","0"
"2020-03-30","취업후상환학자금_등록금","0","0"
"2020-03-30","취업후상환학자금_생활비","0","0"
"2020-03-31","일반상환학자금_등록금","733","26"
"2020-03-31","일반상환학자금_생활비","1256","11"
"2020-03-31","취업후상환학자금_등록금","598","15"
"2020-03-31","취업후상환학자금_생활비","3029","21"
"2020-04-01","일반상환학자금_등록금","488","16"
"2020-04-01","일반상환학자금_생활비","1037","9"
"2020-04-01","취업후상환학자금_등록금","404","10"
"2020-04-01","취업후상환학자금_생활비","2267","17"
"2020-04-02","일반상환학자금_등록금","370","12"
"2020-04-02","일반상환학자금_생활비","854","7"
"2020-04-02","취업후상환학자금_등록금","373","9"
"2020-04-02","취업후상환학자금_생활비","1939","14"
"2020-04-03","일반상환학자금_등록금","333","10"
"2020-04-03","일반상환학자금_생활비","836","8"
"2020-04-03","취업후상환학자금_등록금","676","18"
"2020-04-03","취업후상환학자금_생활비","2347","20"
"2020-04-04","일반상환학자금_등록금","359","10"
"2020-04-04","일반상환학자금_생활비","862","8"
"2020-04-04","취업후상환학자금_등록금","505","14"
"2020-04-04","취업후상환학자금_생활비","2077","15"
"2020-04-05","일반상환학자금_등록금","0","0"
"2020-04-05","일반상환학자금_생활비","0","0"
"2020-04-05","취업후상환학자금_등록금","0","0"
"2020-04-05","취업후상환학자금_생활비","0","0"
"2020-04-06","일반상환학자금_등록금","0","0"
"2020-04-06","일반상환학자금_생활비","0","0"
"2020-04-06","취업후상환학자금_등록금","0","0"
"2020-04-06","취업후상환학자금_생활비","0","0"
"2020-04-07","일반상환학자금_등록금","247","7"
"2020-04-07","일반상환학자금_생활비","918","8"
"2020-04-07","취업후상환학자금_등록금","450","13"
"2020-04-07","취업후상환학자금_생활비","2562","19"
"2020-04-08","일반상환학자금_등록금","327","9"
"2020-04-08","일반상환학자금_생활비","763","7"
"2020-04-08","취업후상환학자금_등록금","450","11"
"2020-04-08","취업후상환학자금_생활비","1930","15"
"2020-04-09","일반상환학자금_등록금","262","7"
"2020-04-09","일반상환학자금_생활비","654","6"
"2020-04-09","취업후상환학자금_등록금","349","9"
"2020-04-09","취업후상환학자금_생활비","1589","11"
"2020-04-10","일반상환학자금_등록금","255","8"
"2020-04-10","일반상환학자금_생활비","651","6"
"2020-04-10","취업후상환학자금_등록금","350","9"
"2020-04-10","취업후상환학자금_생활비","1577","11"
"2020-04-11","일반상환학자금_등록금","215","6"
"2020-04-11","일반상환학자금_생활비","748","6"
"2020-04-11","취업후상환학자금_등록금","260","7"
"2020-04-11","취업후상환학자금_생활비","1676","11"
"2020-04-12","일반상환학자금_등록금","0","0"
"2020-04-12","일반상환학자금_생활비","0","0"
"2020-04-12","취업후상환학자금_등록금","0","0"
"2020-04-12","취업후상환학자금_생활비","0","0"
"2020-04-13","일반상환학자금_등록금","0","0"
"2020-04-13","일반상환학자금_생활비","0","0"
"2020-04-13","취업후상환학자금_등록금","0","0"
"2020-04-13","취업후상환학자금_생활비","0","0"
"2020-04-14","일반상환학자금_등록금","263","7"
"2020-04-14","일반상환학자금_생활비","792","7"
"2020-04-14","취업후상환학자금_등록금","564","16"
"2020-04-14","취업후상환학자금_생활비","2543","19"
"2020-04-15","일반상환학자금_등록금","328","10"
"2020-04-15","일반상환학자금_생활비","797","7"
"2020-04-15","취업후상환학자금_등록금","560","17"
"2020-04-15","취업후상환학자금_생활비","1927","15"
"2020-04-16","일반상환학자금_등록금","0","0"
"2020-04-16","일반상환학자금_생활비","0","0"
"2020-04-16","취업후상환학자금_등록금","0","0"
"2020-04-16","취업후상환학자금_생활비","0","0"
"2020-04-17","일반상환학자금_등록금","19","0"
"2020-04-17","일반상환학자금_생활비","1655","18"
"2020-04-17","취업후상환학자금_등록금","153","4"
"2020-04-17","취업후상환학자금_생활비","2377","18"
"2020-04-18","일반상환학자금_등록금","7","0"
"2020-04-18","일반상환학자금_생활비","974","9"
"2020-04-18","취업후상환학자금_등록금","127","4"
"2020-04-18","취업후상환학자금_생활비","1819","13"
"2020-04-19","일반상환학자금_등록금","0","0"
"2020-04-19","일반상환학자금_생활비","0","0"
"2020-04-19","취업후상환학자금_등록금","0","0"
"2020-04-19","취업후상환학자금_생활비","0","0"
"2020-04-20","일반상환학자금_등록금","0","0"
"2020-04-20","일반상환학자금_생활비","0","0"
"2020-04-20","취업후상환학자금_등록금","0","0"
"2020-04-20","취업후상환학자금_생활비","0","0"
"2020-04-21","일반상환학자금_등록금","11","0"
"2020-04-21","일반상환학자금_생활비","938","8"
"2020-04-21","취업후상환학자금_등록금","230","7"
"2020-04-21","취업후상환학자금_생활비","2409","18"
"2020-04-22","일반상환학자금_등록금","20","0"
"2020-04-22","일반상환학자금_생활비","717","6"
"2020-04-22","취업후상환학자금_등록금","204","6"
"2020-04-22","취업후상환학자금_생활비","1757","13"
"2020-04-23","일반상환학자금_등록금","9","0"
"2020-04-23","일반상환학자금_생활비","615","5"
"2020-04-23","취업후상환학자금_등록금","165","5"
"2020-04-23","취업후상환학자금_생활비","1542","11"
"2020-04-24","일반상환학자금_등록금","11","0"
"2020-04-24","일반상환학자금_생활비","563","5"
"2020-04-24","취업후상환학자금_등록금","297","8"
"2020-04-24","취업후상환학자금_생활비","1659","13"
"2020-04-25","일반상환학자금_등록금","6","0"
"2020-04-25","일반상환학자금_생활비","637","5"
"2020-04-25","취업후상환학자금_등록금","170","4"
"2020-04-25","취업후상환학자금_생활비","1746","12"
"2020-04-26","일반상환학자금_등록금","0","0"
"2020-04-26","일반상환학자금_생활비","0","0"
"2020-04-26","취업후상환학자금_등록금","0","0"
"2020-04-26","취업후상환학자금_생활비","0","0"
"2020-04-27","일반상환학자금_등록금","0","0"
"2020-04-27","일반상환학자금_생활비","0","0"
"2020-04-27","취업후상환학자금_등록금","0","0"
"2020-04-27","취업후상환학자금_생활비","0","0"
"2020-04-28","일반상환학자금_등록금","10","0"
"2020-04-28","일반상환학자금_생활비","752","7"
"2020-04-28","취업후상환학자금_등록금","139","3"
"2020-04-28","취업후상환학자금_생활비","2166","15"
"2020-04-29","일반상환학자금_등록금","4","0"
"2020-04-29","일반상환학자금_생활비","680","6"
"2020-04-29","취업후상환학자금_등록금","130","3"
"2020-04-29","취업후상환학자금_생활비","1599","12"
"2020-04-30","일반상환학자금_등록금","5","0"
"2020-04-30","일반상환학자금_생활비","642","6"
"2020-04-30","취업후상환학자금_등록금","98","2"
"2020-04-30","취업후상환학자금_생활비","1666","12"
"2020-05-01","일반상환학자금_등록금","0","0"
"2020-05-01","일반상환학자금_생활비","0","0"
"2020-05-01","취업후상환학자금_등록금","0","0"
"2020-05-01","취업후상환학자금_생활비","0","0"
"2020-05-02","일반상환학자금_등록금","0","0"
"2020-05-02","일반상환학자금_생활비","0","0"
"2020-05-02","취업후상환학자금_등록금","0","0"
"2020-05-02","취업후상환학자금_생활비","0","0"
"2020-05-03","일반상환학자금_등록금","0","0"
"2020-05-03","일반상환학자금_생활비","0","0"
"2020-05-03","취업후상환학자금_등록금","0","0"
"2020-05-03","취업후상환학자금_생활비","0","0"
"2020-05-04","일반상환학자금_등록금","0","0"
"2020-05-04","일반상환학자금_생활비","0","0"
"2020-05-04","취업후상환학자금_등록금","0","0"
"2020-05-04","취업후상환학자금_생활비","0","0"
"2020-05-05","일반상환학자금_등록금","24","0"
"2020-05-05","일반상환학자금_생활비","1321","13"
"2020-05-05","취업후상환학자금_등록금","178","4"
"2020-05-05","취업후상환학자금_생활비","3879","30"
"2020-05-06","일반상환학자금_등록금","0","0"
"2020-05-06","일반상환학자금_생활비","0","0"
"2020-05-06","취업후상환학자금_등록금","0","0"
"2020-05-06","취업후상환학자금_생활비","0","0"
"2020-05-07","일반상환학자금_등록금","35","0"
"2020-05-07","일반상환학자금_생활비","1362","13"
"2020-05-07","취업후상환학자금_등록금","299","7"
"2020-05-07","취업후상환학자금_생활비","3438","30"
"2020-05-08","일반상환학자금_등록금","35","0"
"2020-05-08","일반상환학자금_생활비","828","8"
"2020-05-08","취업후상환학자금_등록금","168","4"
"2020-05-08","취업후상환학자금_생활비","1955","15"
"2020-05-09","일반상환학자금_등록금","0","0"
"2020-05-09","일반상환학자금_생활비","0","0"
"2020-05-09","취업후상환학자금_등록금","0","0"
"2020-05-09","취업후상환학자금_생활비","0","0"
"2020-05-10","일반상환학자금_등록금","0","0"
"2020-05-10","일반상환학자금_생활비","0","0"
"2020-05-10","취업후상환학자금_등록금","0","0"
"2020-05-10","취업후상환학자금_생활비","0","0"
"2020-05-11","일반상환학자금_등록금","0","0"
"2020-05-11","일반상환학자금_생활비","0","0"
"2020-05-11","취업후상환학자금_등록금","0","0"
"2020-05-11","취업후상환학자금_생활비","0","0"
"2020-05-12","일반상환학자금_등록금","0","0"
"2020-05-12","일반상환학자금_생활비","0","0"
"2020-05-12","취업후상환학자금_등록금","0","0"
"2020-05-12","취업후상환학자금_생활비","0","0"
"2020-05-13","일반상환학자금_등록금","0","0"
"2020-05-13","일반상환학자금_생활비","0","0"
"2020-05-13","취업후상환학자금_등록금","0","0"
"2020-05-13","취업후상환학자금_생활비","0","0"
"2020-05-14","일반상환학자금_등록금","0","0"
"2020-05-14","일반상환학자금_생활비","0","0"
"2020-05-14","취업후상환학자금_등록금","0","0"
"2020-05-14","취업후상환학자금_생활비","0","0"
"2020-05-15","일반상환학자금_등록금","0","0"
"2020-05-15","일반상환학자금_생활비","0","0"
"2020-05-15","취업후상환학자금_등록금","0","0"
"2020-05-15","취업후상환학자금_생활비","0","0"
"2020-05-16","일반상환학자금_등록금","0","0"
"2020-05-16","일반상환학자금_생활비","0","0"
"2020-05-16","취업후상환학자금_등록금","0","0"
"2020-05-16","취업후상환학자금_생활비","0","0"
"2020-05-17","일반상환학자금_등록금","0","0"
"2020-05-17","일반상환학자금_생활비","0","0"
"2020-05-17","취업후상환학자금_등록금","0","0"
"2020-05-17","취업후상환학자금_생활비","0","0"
"2020-05-18","일반상환학자금_등록금","0","0"
"2020-05-18","일반상환학자금_생활비","0","0"
"2020-05-18","취업후상환학자금_등록금","0","0"
"2020-05-18","취업후상환학자금_생활비","0","0"
"2020-05-19","일반상환학자금_등록금","0","0"
"2020-05-19","일반상환학자금_생활비","0","0"
"2020-05-19","취업후상환학자금_등록금","0","0"
"2020-05-19","취업후상환학자금_생활비","0","0"
"2020-05-20","일반상환학자금_등록금","0","0"
"2020-05-20","일반상환학자금_생활비","0","0"
"2020-05-20","취업후상환학자금_등록금","0","0"
"2020-05-20","취업후상환학자금_생활비","0","0"
"2020-05-21","일반상환학자금_등록금","0","0"
"2020-05-21","일반상환학자금_생활비","0","0"
"2020-05-21","취업후상환학자금_등록금","0","0"
"2020-05-21","취업후상환학자금_생활비","0","0"
"2020-05-22","일반상환학자금_등록금","0","0"
"2020-05-22","일반상환학자금_생활비","0","0"
"2020-05-22","취업후상환학자금_등록금","0","0"
"2020-05-22","취업후상환학자금_생활비","0","0"
"2020-05-23","일반상환학자금_등록금","0","0"
"2020-05-23","일반상환학자금_생활비","0","0"
"2020-05-23","취업후상환학자금_등록금","0","0"
"2020-05-23","취업후상환학자금_생활비","0","0"
"2020-05-24","일반상환학자금_등록금","0","0"
"2020-05-24","일반상환학자금_생활비","0","0"
"2020-05-24","취업후상환학자금_등록금","0","0"
"2020-05-24","취업후상환학자금_생활비","0","0"
"2020-05-25","일반상환학자금_등록금","0","0"
"2020-05-25","일반상환학자금_생활비","0","0"
"2020-05-25","취업후상환학자금_등록금","0","0"
"2020-05-25","취업후상환학자금_생활비","0","0"
"2020-05-26","일반상환학자금_등록금","0","0"
"2020-05-26","일반상환학자금_생활비","0","0"
"2020-05-26","취업후상환학자금_등록금","0","0"
"2020-05-26","취업후상환학자금_생활비","0","0"
"2020-05-27","일반상환학자금_등록금","0","0"
"2020-05-27","일반상환학자금_생활비","0","0"
"2020-05-27","취업후상환학자금_등록금","0","0"
"2020-05-27","취업후상환학자금_생활비","0","0"
"2020-05-28","일반상환학자금_등록금","0","0"
"2020-05-28","일반상환학자금_생활비","0","0"
"2020-05-28","취업후상환학자금_등록금","0","0"
"2020-05-28","취업후상환학자금_생활비","0","0"
"2020-05-29","일반상환학자금_등록금","0","0"
"2020-05-29","일반상환학자금_생활비","0","0"
"2020-05-29","취업후상환학자금_등록금","0","0"
"2020-05-29","취업후상환학자금_생활비","0","0"
"2020-05-30","일반상환학자금_등록금","0","0"
"2020-05-30","일반상환학자금_생활비","0","0"
"2020-05-30","취업후상환학자금_등록금","0","0"
"2020-05-30","취업후상환학자금_생활비","0","0"
"2020-05-31","일반상환학자금_등록금","0","0"
"2020-05-31","일반상환학자금_생활비","0","0"
"2020-05-31","취업후상환학자금_등록금","0","0"
"2020-05-31","취업후상환학자금_생활비","0","0"
"2020-06-01","일반상환학자금_등록금","0","0"
"2020-06-01","일반상환학자금_생활비","0","0"
"2020-06-01","취업후상환학자금_등록금","0","0"
"2020-06-01","취업후상환학자금_생활비","0","0"
"2020-06-02","일반상환학자금_등록금","0","0"
"2020-06-02","일반상환학자금_생활비","0","0"
"2020-06-02","취업후상환학자금_등록금","0","0"
"2020-06-02","취업후상환학자금_생활비","0","0"
"2020-06-03","일반상환학자금_등록금","0","0"
"2020-06-03","일반상환학자금_생활비","0","0"
"2020-06-03","취업후상환학자금_등록금","0","0"
"2020-06-03","취업후상환학자금_생활비","0","0"
"2020-06-04","일반상환학자금_등록금","0","0"
"2020-06-04","일반상환학자금_생활비","0","0"
"2020-06-04","취업후상환학자금_등록금","0","0"
"2020-06-04","취업후상환학자금_생활비","0","0"
"2020-06-05","일반상환학자금_등록금","0","0"
"2020-06-05","일반상환학자금_생활비","0","0"
"2020-06-05","취업후상환학자금_등록금","0","0"
"2020-06-05","취업후상환학자금_생활비","0","0"
"2020-06-06","일반상환학자금_등록금","0","0"
"2020-06-06","일반상환학자금_생활비","0","0"
"2020-06-06","취업후상환학자금_등록금","0","0"
"2020-06-06","취업후상환학자금_생활비","0","0"
"2020-06-07","일반상환학자금_등록금","0","0"
"2020-06-07","일반상환학자금_생활비","0","0"
"2020-06-07","취업후상환학자금_등록금","0","0"
"2020-06-07","취업후상환학자금_생활비","0","0"
"2020-06-08","일반상환학자금_등록금","0","0"
"2020-06-08","일반상환학자금_생활비","0","0"
"2020-06-08","취업후상환학자금_등록금","0","0"
"2020-06-08","취업후상환학자금_생활비","0","0"
"2020-06-09","일반상환학자금_등록금","0","0"
"2020-06-09","일반상환학자금_생활비","0","0"
"2020-06-09","취업후상환학자금_등록금","0","0"
"2020-06-09","취업후상환학자금_생활비","0","0"
"2020-06-10","일반상환학자금_등록금","0","0"
"2020-06-10","일반상환학자금_생활비","0","0"
"2020-06-10","취업후상환학자금_등록금","0","0"
"2020-06-10","취업후상환학자금_생활비","0","0"
"2020-06-11","일반상환학자금_등록금","0","0"
"2020-06-11","일반상환학자금_생활비","0","0"
"2020-06-11","취업후상환학자금_등록금","0","0"
"2020-06-11","취업후상환학자금_생활비","0","0"
"2020-06-12","일반상환학자금_등록금","0","0"
"2020-06-12","일반상환학자금_생활비","0","0"
"2020-06-12","취업후상환학자금_등록금","0","0"
"2020-06-12","취업후상환학자금_생활비","0","0"
"2020-06-13","일반상환학자금_등록금","0","0"
"2020-06-13","일반상환학자금_생활비","0","0"
"2020-06-13","취업후상환학자금_등록금","0","0"
"2020-06-13","취업후상환학자금_생활비","0","0"
"2020-06-14","일반상환학자금_등록금","0","0"
"2020-06-14","일반상환학자금_생활비","0","0"
"2020-06-14","취업후상환학자금_등록금","0","0"
"2020-06-14","취업후상환학자금_생활비","0","0"
"2020-06-15","일반상환학자금_등록금","0","0"
"2020-06-15","일반상환학자금_생활비","0","0"
"2020-06-15","취업후상환학자금_등록금","0","0"
"2020-06-15","취업후상환학자금_생활비","0","0"
"2020-06-16","일반상환학자금_등록금","0","0"
"2020-06-16","일반상환학자금_생활비","0","0"
"2020-06-16","취업후상환학자금_등록금","0","0"
"2020-06-16","취업후상환학자금_생활비","0","0"
"2020-06-17","일반상환학자금_등록금","0","0"
"2020-06-17","일반상환학자금_생활비","0","0"
"2020-06-17","취업후상환학자금_등록금","0","0"
"2020-06-17","취업후상환학자금_생활비","0","0"
"2020-06-18","일반상환학자금_등록금","0","0"
"2020-06-18","일반상환학자금_생활비","0","0"
"2020-06-18","취업후상환학자금_등록금","0","0"
"2020-06-18","취업후상환학자금_생활비","0","0"
"2020-06-19","일반상환학자금_등록금","0","0"
"2020-06-19","일반상환학자금_생활비","0","0"
"2020-06-19","취업후상환학자금_등록금","0","0"
"2020-06-19","취업후상환학자금_생활비","0","0"
"2020-06-20","일반상환학자금_등록금","0","0"
"2020-06-20","일반상환학자금_생활비","0","0"
"2020-06-20","취업후상환학자금_등록금","0","0"
"2020-06-20","취업후상환학자금_생활비","0","0"
"2020-06-21","일반상환학자금_등록금","0","0"
"2020-06-21","일반상환학자금_생활비","0","0"
"2020-06-21","취업후상환학자금_등록금","0","0"
"2020-06-21","취업후상환학자금_생활비","0","0"
"2020-06-22","일반상환학자금_등록금","0","0"
"2020-06-22","일반상환학자금_생활비","0","0"
"2020-06-22","취업후상환학자금_등록금","0","0"
"2020-06-22","취업후상환학자금_생활비","0","0"
"2020-06-23","일반상환학자금_등록금","0","0"
"2020-06-23","일반상환학자금_생활비","0","0"
"2020-06-23","취업후상환학자금_등록금","0","0"
"2020-06-23","취업후상환학자금_생활비","0","0"
"2020-06-24","일반상환학자금_등록금","0","0"
"2020-06-24","일반상환학자금_생활비","0","0"
"2020-06-24","취업후상환학자금_등록금","0","0"
"2020-06-24","취업후상환학자금_생활비","0","0"
"2020-06-25","일반상환학자금_등록금","0","0"
"2020-06-25","일반상환학자금_생활비","0","0"
"2020-06-25","취업후상환학자금_등록금","0","0"
"2020-06-25","취업후상환학자금_생활비","0","0"
"2020-06-26","일반상환학자금_등록금","0","0"
"2020-06-26","일반상환학자금_생활비","0","0"
"2020-06-26","취업후상환학자금_등록금","0","0"
"2020-06-26","취업후상환학자금_생활비","0","0"
"2020-06-27","일반상환학자금_등록금","0","0"
"2020-06-27","일반상환학자금_생활비","0","0"
"2020-06-27","취업후상환학자금_등록금","0","0"
"2020-06-27","취업후상환학자금_생활비","0","0"
"2020-06-28","일반상환학자금_등록금","0","0"
"2020-06-28","일반상환학자금_생활비","0","0"
"2020-06-28","취업후상환학자금_등록금","0","0"
"2020-06-28","취업후상환학자금_생활비","0","0"
"2020-06-29","일반상환학자금_등록금","0","0"
"2020-06-29","일반상환학자금_생활비","0","0"
"2020-06-29","취업후상환학자금_등록금","0","0"
"2020-06-29","취업후상환학자금_생활비","0","0"
"2020-06-30","일반상환학자금_등록금","0","0"
"2020-06-30","일반상환학자금_생활비","0","0"
"2020-06-30","취업후상환학자금_등록금","0","0"
"2020-06-30","취업후상환학자금_생활비","0","0"
"2020-07-01","일반상환학자금_등록금","0","0"
"2020-07-01","일반상환학자금_생활비","0","0"
"2020-07-01","취업후상환학자금_등록금","0","0"
"2020-07-01","취업후상환학자금_생활비","0","0"
"2020-07-02","일반상환학자금_등록금","0","0"
"2020-07-02","일반상환학자금_생활비","0","0"
"2020-07-02","취업후상환학자금_등록금","0","0"
"2020-07-02","취업후상환학자금_생활비","0","0"
"2020-07-03","일반상환학자금_등록금","0","0"
"2020-07-03","일반상환학자금_생활비","0","0"
"2020-07-03","취업후상환학자금_등록금","0","0"
"2020-07-03","취업후상환학자금_생활비","0","0"
"2020-07-04","일반상환학자금_등록금","0","0"
"2020-07-04","일반상환학자금_생활비","0","0"
"2020-07-04","취업후상환학자금_등록금","0","0"
"2020-07-04","취업후상환학자금_생활비","0","0"
"2020-07-05","일반상환학자금_등록금","0","0"
"2020-07-05","일반상환학자금_생활비","0","0"
"2020-07-05","취업후상환학자금_등록금","0","0"
"2020-07-05","취업후상환학자금_생활비","0","0"
"2020-07-06","일반상환학자금_등록금","0","0"
"2020-07-06","일반상환학자금_생활비","0","0"
"2020-07-06","취업후상환학자금_등록금","0","0"
"2020-07-06","취업후상환학자금_생활비","0","0"
"2020-07-07","일반상환학자금_등록금","0","0"
"2020-07-07","일반상환학자금_생활비","0","0"
"2020-07-07","취업후상환학자금_등록금","0","0"
"2020-07-07","취업후상환학자금_생활비","0","0"
"2020-07-08","일반상환학자금_등록금","0","0"
"2020-07-08","일반상환학자금_생활비","0","0"
"2020-07-08","취업후상환학자금_등록금","0","0"
"2020-07-08","취업후상환학자금_생활비","0","0"
"2020-07-09","일반상환학자금_등록금","0","0"
"2020-07-09","일반상환학자금_생활비","0","0"
"2020-07-09","취업후상환학자금_등록금","0","0"
"2020-07-09","취업후상환학자금_생활비","0","0"
"2020-07-10","일반상환학자금_등록금","370","25"
"2020-07-10","일반상환학자금_생활비","111","2"
"2020-07-10","취업후상환학자금_등록금","1","0"
"2020-07-10","취업후상환학자금_생활비","13","0"
"2020-07-11","일반상환학자금_등록금","368","24"
"2020-07-11","일반상환학자금_생활비","113","2"
"2020-07-11","취업후상환학자금_등록금","3","0"
"2020-07-11","취업후상환학자금_생활비","29","0"
"2020-07-12","일반상환학자금_등록금","0","0"
"2020-07-12","일반상환학자금_생활비","0","0"
"2020-07-12","취업후상환학자금_등록금","0","0"
"2020-07-12","취업후상환학자금_생활비","0","0"
"2020-07-13","일반상환학자금_등록금","0","0"
"2020-07-13","일반상환학자금_생활비","0","0"
"2020-07-13","취업후상환학자금_등록금","0","0"
"2020-07-13","취업후상환학자금_생활비","0","0"
"2020-07-14","일반상환학자금_등록금","391","24"
"2020-07-14","일반상환학자금_생활비","150","2"
"2020-07-14","취업후상환학자금_등록금","3","0"
"2020-07-14","취업후상환학자금_생활비","72","0"
"2020-07-15","일반상환학자금_등록금","260","16"
"2020-07-15","일반상환학자금_생활비","105","1"
"2020-07-15","취업후상환학자금_등록금","2","0"
"2020-07-15","취업후상환학자금_생활비","91","1"
"2020-07-16","일반상환학자금_등록금","309","17"
"2020-07-16","일반상환학자금_생활비","179","2"
"2020-07-16","취업후상환학자금_등록금","3","0"
"2020-07-16","취업후상환학자금_생활비","162","1"
"2020-07-17","일반상환학자금_등록금","222","11"
"2020-07-17","일반상환학자금_생활비","147","1"
"2020-07-17","취업후상환학자금_등록금","17","0"
"2020-07-17","취업후상환학자금_생활비","240","1"
"2020-07-18","일반상환학자금_등록금","152","7"
"2020-07-18","일반상환학자금_생활비","141","1"
"2020-07-18","취업후상환학자금_등록금","3","0"
"2020-07-18","취업후상환학자금_생활비","333","2"
"2020-07-19","일반상환학자금_등록금","0","0"
"2020-07-19","일반상환학자금_생활비","0","0"
"2020-07-19","취업후상환학자금_등록금","0","0"
"2020-07-19","취업후상환학자금_생활비","0","0"
"2020-07-20","일반상환학자금_등록금","0","0"
"2020-07-20","일반상환학자금_생활비","0","0"
"2020-07-20","취업후상환학자금_등록금","0","0"
"2020-07-20","취업후상환학자금_생활비","0","0"
"2020-07-21","일반상환학자금_등록금","156","7"
"2020-07-21","일반상환학자금_생활비","179","2"
"2020-07-21","취업후상환학자금_등록금","5","0"
"2020-07-21","취업후상환학자금_생활비","466","2"
"2020-07-22","일반상환학자금_등록금","187","8"
"2020-07-22","일반상환학자금_생활비","166","2"
"2020-07-22","취업후상환학자금_등록금","2","0"
"2020-07-22","취업후상환학자금_생활비","517","3"
"2020-07-23","일반상환학자금_등록금","271","15"
"2020-07-23","일반상환학자금_생활비","192","2"
"2020-07-23","취업후상환학자금_등록금","4","0"
"2020-07-23","취업후상환학자금_생활비","955","5"
"2020-07-24","일반상환학자금_등록금","168","9"
"2020-07-24","일반상환학자금_생활비","386","2"
"2020-07-24","취업후상환학자금_등록금","8","0"
"2020-07-24","취업후상환학자금_생활비","1549","7"
"2020-07-25","일반상환학자금_등록금","93","4"
"2020-07-25","일반상환학자금_생활비","339","2"
"2020-07-25","취업후상환학자금_등록금","1","0"
"2020-07-25","취업후상환학자금_생활비","1983","9"
"2020-07-26","일반상환학자금_등록금","0","0"
"2020-07-26","일반상환학자금_생활비","0","0"
"2020-07-26","취업후상환학자금_등록금","0","0"
"2020-07-26","취업후상환학자금_생활비","0","0"
"2020-07-27","일반상환학자금_등록금","0","0"
"2020-07-27","일반상환학자금_생활비","0","0"
"2020-07-27","취업후상환학자금_등록금","0","0"
"2020-07-27","취업후상환학자금_생활비","0","0"
"2020-07-28","일반상환학자금_등록금","122","6"
"2020-07-28","일반상환학자금_생활비","486","3"
"2020-07-28","취업후상환학자금_등록금","4","0"
"2020-07-28","취업후상환학자금_생활비","2532","12"
"2020-07-29","일반상환학자금_등록금","88","4"
"2020-07-29","일반상환학자금_생활비","409","3"
"2020-07-29","취업후상환학자금_등록금","1","0"
"2020-07-29","취업후상환학자금_생활비","2499","12"
"2020-07-30","일반상환학자금_등록금","233","12"
"2020-07-30","일반상환학자금_생활비","466","3"
"2020-07-30","취업후상환학자금_등록금","3","0"
"2020-07-30","취업후상환학자금_생활비","2710","13"
"2020-07-31","일반상환학자금_등록금","144","8"
"2020-07-31","일반상환학자금_생활비","426","3"
"2020-07-31","취업후상환학자금_등록금","3","0"
"2020-07-31","취업후상환학자금_생활비","2417","11"
"2020-08-01","일반상환학자금_등록금","100","6"
"2020-08-01","일반상환학자금_생활비","499","3"
"2020-08-01","취업후상환학자금_등록금","2","0"
"2020-08-01","취업후상환학자금_생활비","2926","14"
"2020-08-02","일반상환학자금_등록금","0","0"
"2020-08-02","일반상환학자금_생활비","0","0"
"2020-08-02","취업후상환학자금_등록금","0","0"
"2020-08-02","취업후상환학자금_생활비","0","0"
"2020-08-03","일반상환학자금_등록금","0","0"
"2020-08-03","일반상환학자금_생활비","0","0"
"2020-08-03","취업후상환학자금_등록금","0","0"
"2020-08-03","취업후상환학자금_생활비","0","0"
"2020-08-04","일반상환학자금_등록금","502","10"
"2020-08-04","일반상환학자금_생활비","971","8"
"2020-08-04","취업후상환학자금_등록금","160","1"
"2020-08-04","취업후상환학자금_생활비","4021","20"
"2020-08-05","일반상환학자금_등록금","335","7"
"2020-08-05","일반상환학자금_생활비","722","5"
"2020-08-05","취업후상환학자금_등록금","81","0"
"2020-08-05","취업후상환학자금_생활비","3227","16"
"2020-08-06","일반상환학자금_등록금","283","7"
"2020-08-06","일반상환학자금_생활비","1046","7"
"2020-08-06","취업후상환학자금_등록금","47","0"
"2020-08-06","취업후상환학자금_생활비","4261","21"
"2020-08-07","일반상환학자금_등록금","265","7"
"2020-08-07","일반상환학자금_생활비","764","5"
"2020-08-07","취업후상환학자금_등록금","41","0"
"2020-08-07","취업후상환학자금_생활비","3496","17"
"2020-08-08","일반상환학자금_등록금","243","9"
"2020-08-08","일반상환학자금_생활비","898","6"
"2020-08-08","취업후상환학자금_등록금","44","1"
"2020-08-08","취업후상환학자금_생활비","3536","17"
"2020-08-09","일반상환학자금_등록금","0","0"
"2020-08-09","일반상환학자금_생활비","0","0"
"2020-08-09","취업후상환학자금_등록금","0","0"
"2020-08-09","취업후상환학자금_생활비","0","0"
"2020-08-10","일반상환학자금_등록금","0","0"
"2020-08-10","일반상환학자금_생활비","0","0"
"2020-08-10","취업후상환학자금_등록금","0","0"
"2020-08-10","취업후상환학자금_생활비","0","0"
"2020-08-11","일반상환학자금_등록금","345","12"
"2020-08-11","일반상환학자금_생활비","1096","8"
"2020-08-11","취업후상환학자금_등록금","161","2"
"2020-08-11","취업후상환학자금_생활비","4113","21"
"2020-08-12","일반상환학자금_등록금","258","8"
"2020-08-12","일반상환학자금_생활비","761","5"
"2020-08-12","취업후상환학자금_등록금","239","3"
"2020-08-12","취업후상환학자금_생활비","2749","15"
"2020-08-13","일반상환학자금_등록금","347","10"
"2020-08-13","일반상환학자금_생활비","849","6"
"2020-08-13","취업후상환학자금_등록금","289","4"
"2020-08-13","취업후상환학자금_생활비","2619","14"
"2020-08-14","일반상환학자금_등록금","378","10"
"2020-08-14","일반상환학자금_생활비","872","7"
"2020-08-14","취업후상환학자금_등록금","529","9"
"2020-08-14","취업후상환학자금_생활비","2637","15"
"2020-08-15","일반상환학자금_등록금","372","9"
"2020-08-15","일반상환학자금_생활비","919","7"
"2020-08-15","취업후상환학자금_등록금","463","8"
"2020-08-15","취업후상환학자금_생활비","2774","16"
"2020-08-16","일반상환학자금_등록금","0","0"
"2020-08-16","일반상환학자금_생활비","0","0"
"2020-08-16","취업후상환학자금_등록금","0","0"
"2020-08-16","취업후상환학자금_생활비","0","0"
"2020-08-17","일반상환학자금_등록금","0","0"
"2020-08-17","일반상환학자금_생활비","0","0"
"2020-08-17","취업후상환학자금_등록금","0","0"
"2020-08-17","취업후상환학자금_생활비","0","0"
"2020-08-18","일반상환학자금_등록금","0","0"
"2020-08-18","일반상환학자금_생활비","0","0"
"2020-08-18","취업후상환학자금_등록금","0","0"
"2020-08-18","취업후상환학자금_생활비","0","0"
"2020-08-19","일반상환학자금_등록금","2188","66"
"2020-08-19","일반상환학자금_생활비","2614","23"
"2020-08-19","취업후상환학자금_등록금","3830","68"
"2020-08-19","취업후상환학자금_생활비","6129","46"
"2020-08-20","일반상환학자금_등록금","2392","76"
"2020-08-20","일반상환학자금_생활비","2278","22"
"2020-08-20","취업후상환학자금_등록금","3477","63"
"2020-08-20","취업후상환학자금_생활비","4773","39"
"2020-08-21","일반상환학자금_등록금","2399","77"
"2020-08-21","일반상환학자금_생활비","2231","21"
"2020-08-21","취업후상환학자금_등록금","2574","49"
"2020-08-21","취업후상환학자금_생활비","4101","34"
"2020-08-22","일반상환학자금_등록금","5005","210"
"2020-08-22","일반상환학자금_생활비","3580","38"
"2020-08-22","취업후상환학자금_등록금","4502","88"
"2020-08-22","취업후상환학자금_생활비","5566","50"
"2020-08-23","일반상환학자금_등록금","0","0"
"2020-08-23","일반상환학자금_생활비","0","0"
"2020-08-23","취업후상환학자금_등록금","0","0"
"2020-08-23","취업후상환학자금_생활비","0","0"
"2020-08-24","일반상환학자금_등록금","0","0"
"2020-08-24","일반상환학자금_생활비","0","0"
"2020-08-24","취업후상환학자금_등록금","0","0"
"2020-08-24","취업후상환학자금_생활비","0","0"
"2020-08-25","일반상환학자금_등록금","15557","555"
"2020-08-25","일반상환학자금_생활비","8175","100"
"2020-08-25","취업후상환학자금_등록금","20801","385"
"2020-08-25","취업후상환학자금_생활비","15765","161"
"2020-08-26","일반상환학자금_등록금","11990","424"
"2020-08-26","일반상환학자금_생활비","5947","73"
"2020-08-26","취업후상환학자금_등록금","12378","237"
"2020-08-26","취업후상환학자금_생활비","11977","123"
"2020-08-27","일반상환학자금_등록금","9734","340"
"2020-08-27","일반상환학자금_생활비","4644","55"
"2020-08-27","취업후상환학자금_등록금","9006","175"
"2020-08-27","취업후상환학자금_생활비","8778","88"
"2020-08-28","일반상환학자금_등록금","8435","309"
"2020-08-28","일반상환학자금_생활비","3789","45"
"2020-08-28","취업후상환학자금_등록금","6853","137"
"2020-08-28","취업후상환학자금_생활비","6853","66"
"2020-08-29","일반상환학자금_등록금","5996","217"
"2020-08-29","일반상환학자금_생활비","3191","36"
"2020-08-29","취업후상환학자금_등록금","4933","101"
"2020-08-29","취업후상환학자금_생활비","6653","61"
"2020-08-30","일반상환학자금_등록금","0","0"
"2020-08-30","일반상환학자금_생활비","0","0"
"2020-08-30","취업후상환학자금_등록금","0","0"
"2020-08-30","취업후상환학자금_생활비","0","0"
"2020-08-31","일반상환학자금_등록금","0","0"
"2020-08-31","일반상환학자금_생활비","0","0"
"2020-08-31","취업후상환학자금_등록금","0","0"
"2020-08-31","취업후상환학자금_생활비","0","0"
"2020-09-01","일반상환학자금_등록금","2566","89"
"2020-09-01","일반상환학자금_생활비","2928","30"
"2020-09-01","취업후상환학자금_등록금","3372","69"
"2020-09-01","취업후상환학자금_생활비","8557","77"
"2020-09-02","일반상환학자금_등록금","1541","52"
"2020-09-02","일반상환학자금_생활비","2230","23"
"2020-09-02","취업후상환학자금_등록금","1784","36"
"2020-09-02","취업후상환학자금_생활비","6326","58"
"2020-09-03","일반상환학자금_등록금","1503","52"
"2020-09-03","일반상환학자금_생활비","1804","19"
"2020-09-03","취업후상환학자금_등록금","1486","32"
"2020-09-03","취업후상환학자금_생활비","4546","41"
"2020-09-04","일반상환학자금_등록금","1473","53"
"2020-09-04","일반상환학자금_생활비","1455","15"
"2020-09-04","취업후상환학자금_등록금","1294","30"
"2020-09-04","취업후상환학자금_생활비","3785","32"
"2020-09-05","일반상환학자금_등록금","1270","47"
"2020-09-05","일반상환학자금_생활비","1416","14"
"2020-09-05","취업후상환학자금_등록금","1252","29"
"2020-09-05","취업후상환학자금_생활비","4004","32"
"2020-09-06","일반상환학자금_등록금","0","0"
"2020-09-06","일반상환학자금_생활비","0","0"
"2020-09-06","취업후상환학자금_등록금","0","0"
"2020-09-06","취업후상환학자금_생활비","0","0"
"2020-09-07","일반상환학자금_등록금","0","0"
"2020-09-07","일반상환학자금_생활비","0","0"
"2020-09-07","취업후상환학자금_등록금","0","0"
"2020-09-07","취업후상환학자금_생활비","0","0"
"2020-09-08","일반상환학자금_등록금","1194","43"
"2020-09-08","일반상환학자금_생활비","1684","17"
"2020-09-08","취업후상환학자금_등록금","1034","24"
"2020-09-08","취업후상환학자금_생활비","4745","37"
"2020-09-09","일반상환학자금_등록금","997","35"
"2020-09-09","일반상환학자금_생활비","1375","13"
"2020-09-09","취업후상환학자금_등록금","978","22"
"2020-09-09","취업후상환학자금_생활비","3581","28"
"2020-09-10","일반상환학자금_등록금","1962","69"
"2020-09-10","일반상환학자금_생활비","1568","16"
"2020-09-10","취업후상환학자금_등록금","1536","34"
"2020-09-10","취업후상환학자금_생활비","3245","26"
"2020-09-11","일반상환학자금_등록금","1608","59"
"2020-09-11","일반상환학자금_생활비","1382","14"
"2020-09-11","취업후상환학자금_등록금","1208","27"
"2020-09-11","취업후상환학자금_생활비","3114","25"
"2020-09-12","일반상환학자금_등록금","1156","43"
"2020-09-12","일반상환학자금_생활비","1225","12"
"2020-09-12","취업후상환학자금_등록금","858","20"
"2020-09-12","취업후상환학자금_생활비","3099","23"
"2020-09-13","일반상환학자금_등록금","0","0"
"2020-09-13","일반상환학자금_생활비","0","0"
"2020-09-13","취업후상환학자금_등록금","0","0"
"2020-09-13","취업후상환학자금_생활비","0","0"
"2020-09-14","일반상환학자금_등록금","0","0"
"2020-09-14","일반상환학자금_생활비","0","0"
"2020-09-14","취업후상환학자금_등록금","0","0"
"2020-09-14","취업후상환학자금_생활비","0","0"
"2020-09-15","일반상환학자금_등록금","1102","40"
"2020-09-15","일반상환학자금_생활비","1474","14"
"2020-09-15","취업후상환학자금_등록금","1032","24"
"2020-09-15","취업후상환학자금_생활비","4054","30"
"2020-09-16","일반상환학자금_등록금","753","26"
"2020-09-16","일반상환학자금_생활비","1170","11"
"2020-09-16","취업후상환학자금_등록금","788","19"
"2020-09-16","취업후상환학자금_생활비","2968","22"
"2020-09-17","일반상환학자금_등록금","771","26"
"2020-09-17","일반상환학자금_생활비","1026","10"
"2020-09-17","취업후상환학자금_등록금","692","16"
"2020-09-17","취업후상환학자금_생활비","2471","18"
"2020-09-18","일반상환학자금_등록금","535","17"
"2020-09-18","일반상환학자금_생활비","928","8"
"2020-09-18","취업후상환학자금_등록금","556","13"
"2020-09-18","취업후상환학자금_생활비","2293","16"
"2020-09-19","일반상환학자금_등록금","530","19"
"2020-09-19","일반상환학자금_생활비","912","8"
"2020-09-19","취업후상환학자금_등록금","428","10"
"2020-09-19","취업후상환학자금_생활비","2517","16"
"2020-09-20","일반상환학자금_등록금","0","0"
"2020-09-20","일반상환학자금_생활비","0","0"
"2020-09-20","취업후상환학자금_등록금","0","0"
"2020-09-20","취업후상환학자금_생활비","0","0"
"2020-09-21","일반상환학자금_등록금","0","0"
"2020-09-21","일반상환학자금_생활비","0","0"
"2020-09-21","취업후상환학자금_등록금","0","0"
"2020-09-21","취업후상환학자금_생활비","0","0"
"2020-09-22","일반상환학자금_등록금","423","15"
"2020-09-22","일반상환학자금_생활비","1176","10"
"2020-09-22","취업후상환학자금_등록금","539","13"
"2020-09-22","취업후상환학자금_생활비","3375","22"
"2020-09-23","일반상환학자금_등록금","462","17"
"2020-09-23","일반상환학자금_생활비","978","8"
"2020-09-23","취업후상환학자금_등록금","507","12"
"2020-09-23","취업후상환학자금_생활비","2611","17"
"2020-09-24","일반상환학자금_등록금","588","18"
"2020-09-24","일반상환학자금_생활비","916","8"
"2020-09-24","취업후상환학자금_등록금","669","14"
"2020-09-24","취업후상환학자금_생활비","2309","16"
"2020-09-25","일반상환학자금_등록금","511","14"
"2020-09-25","일반상환학자금_생활비","884","8"
"2020-09-25","취업후상환학자금_등록금","600","14"
"2020-09-25","취업후상환학자금_생활비","2287","15"
"2020-09-26","일반상환학자금_등록금","336","10"
"2020-09-26","일반상환학자금_생활비","920","7"
"2020-09-26","취업후상환학자금_등록금","384","9"
"2020-09-26","취업후상환학자금_생활비","2433","15"
"2020-09-27","일반상환학자금_등록금","0","0"
"2020-09-27","일반상환학자금_생활비","0","0"
"2020-09-27","취업후상환학자금_등록금","0","0"
"2020-09-27","취업후상환학자금_생활비","0","0"
"2020-09-28","일반상환학자금_등록금","0","0"
"2020-09-28","일반상환학자금_생활비","0","0"
"2020-09-28","취업후상환학자금_등록금","0","0"
"2020-09-28","취업후상환학자금_생활비","0","0"
"2020-09-29","일반상환학자금_등록금","204","7"
"2020-09-29","일반상환학자금_생활비","913","7"
"2020-09-29","취업후상환학자금_등록금","300","7"
"2020-09-29","취업후상환학자금_생활비","2931","18"
"2020-09-30","일반상환학자금_등록금","141","4"
"2020-09-30","일반상환학자금_생활비","774","6"
"2020-09-30","취업후상환학자금_등록금","159","4"
"2020-09-30","취업후상환학자금_생활비","2176","13"
"2020-10-01","일반상환학자금_등록금","0","0"
"2020-10-01","일반상환학자금_생활비","0","0"
"2020-10-01","취업후상환학자금_등록금","0","0"
"2020-10-01","취업후상환학자금_생활비","0","0"
"2020-10-02","일반상환학자금_등록금","0","0"
"2020-10-02","일반상환학자금_생활비","0","0"
"2020-10-02","취업후상환학자금_등록금","0","0"
"2020-10-02","취업후상환학자금_생활비","0","0"
"2020-10-03","일반상환학자금_등록금","0","0"
"2020-10-03","일반상환학자금_생활비","0","0"
"2020-10-03","취업후상환학자금_등록금","0","0"
"2020-10-03","취업후상환학자금_생활비","0","0"
"2020-10-04","일반상환학자금_등록금","0","0"
"2020-10-04","일반상환학자금_생활비","0","0"
"2020-10-04","취업후상환학자금_등록금","0","0"
"2020-10-04","취업후상환학자금_생활비","0","0"
"2020-10-05","일반상환학자금_등록금","0","0"
"2020-10-05","일반상환학자금_생활비","0","0"
"2020-10-05","취업후상환학자금_등록금","0","0"
"2020-10-05","취업후상환학자금_생활비","0","0"
"2020-10-06","일반상환학자금_등록금","112","4"
"2020-10-06","일반상환학자금_생활비","908","8"
"2020-10-06","취업후상환학자금_등록금","125","3"
"2020-10-06","취업후상환학자금_생활비","2938","19"
"2020-10-07","일반상환학자금_등록금","121","4"
"2020-10-07","일반상환학자금_생활비","708","6"
"2020-10-07","취업후상환학자금_등록금","192","5"
"2020-10-07","취업후상환학자금_생활비","1969","14"
"2020-10-08","일반상환학자금_등록금","88","2"
"2020-10-08","일반상환학자금_생활비","601","5"
"2020-10-08","취업후상환학자금_등록금","193","5"
"2020-10-08","취업후상환학자금_생활비","1769","13"
"2020-10-09","일반상환학자금_등록금","76","2"
"2020-10-09","일반상환학자금_생활비","556","5"
"2020-10-09","취업후상환학자금_등록금","183","5"
"2020-10-09","취업후상환학자금_생활비","1928","13"
"2020-10-10","일반상환학자금_등록금","0","0"
"2020-10-10","일반상환학자금_생활비","0","0"
"2020-10-10","취업후상환학자금_등록금","0","0"
"2020-10-10","취업후상환학자금_생활비","0","0"
"2020-10-11","일반상환학자금_등록금","0","0"
"2020-10-11","일반상환학자금_생활비","0","0"
"2020-10-11","취업후상환학자금_등록금","0","0"
"2020-10-11","취업후상환학자금_생활비","0","0"
"2020-10-12","일반상환학자금_등록금","0","0"
"2020-10-12","일반상환학자금_생활비","0","0"
"2020-10-12","취업후상환학자금_등록금","0","0"
"2020-10-12","취업후상환학자금_생활비","0","0"
"2020-10-13","일반상환학자금_등록금","80","2"
"2020-10-13","일반상환학자금_생활비","800","7"
"2020-10-13","취업후상환학자금_등록금","143","4"
"2020-10-13","취업후상환학자금_생활비","2799","18"
"2020-10-14","일반상환학자금_등록금","80","2"
"2020-10-14","일반상환학자금_생활비","600","5"
"2020-10-14","취업후상환학자금_등록금","129","3"
"2020-10-14","취업후상환학자금_생활비","1805","12"
"2020-10-15","일반상환학자금_등록금","88","2"
"2020-10-15","일반상환학자금_생활비","540","5"
"2020-10-15","취업후상환학자금_등록금","108","3"
"2020-10-15","취업후상환학자금_생활비","1650","10"
"2020-10-16","일반상환학자금_등록금","86","2"
"2020-10-16","일반상환학자금_생활비","569","5"
"2020-10-16","취업후상환학자금_등록금","92","2"
"2020-10-16","취업후상환학자금_생활비","1543","10"
"2020-10-17","일반상환학자금_등록금","13","0"
"2020-10-17","일반상환학자금_생활비","1272","14"
"2020-10-17","취업후상환학자금_등록금","41","1"
"2020-10-17","취업후상환학자금_생활비","1816","12"
"2020-10-18","일반상환학자금_등록금","0","0"
"2020-10-18","일반상환학자금_생활비","0","0"
"2020-10-18","취업후상환학자금_등록금","0","0"
"2020-10-18","취업후상환학자금_생활비","0","0"
"2020-10-19","일반상환학자금_등록금","0","0"
"2020-10-19","일반상환학자금_생활비","0","0"
"2020-10-19","취업후상환학자금_등록금","0","0"
"2020-10-19","취업후상환학자금_생활비","0","0"
"2020-10-20","일반상환학자금_등록금","14","0"
"2020-10-20","일반상환학자금_생활비","839","7"
"2020-10-20","취업후상환학자금_등록금","41","1"
"2020-10-20","취업후상환학자금_생활비","2072","12"
"2020-10-21","일반상환학자금_등록금","13","0"
"2020-10-21","일반상환학자금_생활비","624","5"
"2020-10-21","취업후상환학자금_등록금","43","1"
"2020-10-21","취업후상환학자금_생활비","1484","10"
"2020-10-22","일반상환학자금_등록금","16","0"
"2020-10-22","일반상환학자금_생활비","578","5"
"2020-10-22","취업후상환학자금_등록금","90","3"
"2020-10-22","취업후상환학자금_생활비","1394","9"
"2020-10-23","일반상환학자금_등록금","12","0"
"2020-10-23","일반상환학자금_생활비","519","4"
"2020-10-23","취업후상환학자금_등록금","178","5"
"2020-10-23","취업후상환학자금_생활비","1590","10"
"2020-10-24","일반상환학자금_등록금","14","0"
"2020-10-24","일반상환학자금_생활비","587","5"
"2020-10-24","취업후상환학자금_등록금","177","5"
"2020-10-24","취업후상환학자금_생활비","1786","11"
"2020-10-25","일반상환학자금_등록금","0","0"
"2020-10-25","일반상환학자금_생활비","0","0"
"2020-10-25","취업후상환학자금_등록금","0","0"
"2020-10-25","취업후상환학자금_생활비","0","0"
"2020-10-26","일반상환학자금_등록금","0","0"
"2020-10-26","일반상환학자금_생활비","0","0"
"2020-10-26","취업후상환학자금_등록금","0","0"
"2020-10-26","취업후상환학자금_생활비","0","0"
"2020-10-27","일반상환학자금_등록금","4","0"
"2020-10-27","일반상환학자금_생활비","658","5"
"2020-10-27","취업후상환학자금_등록금","234","6"
"2020-10-27","취업후상환학자금_생활비","2389","15"
"2020-10-28","일반상환학자금_등록금","4","0"
"2020-10-28","일반상환학자금_생활비","573","5"
"2020-10-28","취업후상환학자금_등록금","249","7"
"2020-10-28","취업후상환학자금_생활비","1747","12"
"2020-10-29","일반상환학자금_등록금","5","0"
"2020-10-29","일반상환학자금_생활비","496","4"
"2020-10-29","취업후상환학자금_등록금","288","8"
"2020-10-29","취업후상환학자금_생활비","1576","11"
"2020-10-30","일반상환학자금_등록금","4","0"
"2020-10-30","일반상환학자금_생활비","439","3"
"2020-10-30","취업후상환학자금_등록금","221","6"
"2020-10-30","취업후상환학자금_생활비","1526","10"
"2020-10-31","일반상환학자금_등록금","4","0"
"2020-10-31","일반상환학자금_생활비","583","4"
"2020-10-31","취업후상환학자금_등록금","270","7"
"2020-10-31","취업후상환학자금_생활비","1909","12"
"2020-11-01","일반상환학자금_등록금","0","0"
"2020-11-01","일반상환학자금_생활비","0","0"
"2020-11-01","취업후상환학자금_등록금","0","0"
"2020-11-01","취업후상환학자금_생활비","0","0"
"2020-11-02","일반상환학자금_등록금","0","0"
"2020-11-02","일반상환학자금_생활비","0","0"
"2020-11-02","취업후상환학자금_등록금","0","0"
"2020-11-02","취업후상환학자금_생활비","0","0"
"2020-11-03","일반상환학자금_등록금","8","0"
"2020-11-03","일반상환학자금_생활비","711","6"
"2020-11-03","취업후상환학자금_등록금","161","4"
"2020-11-03","취업후상환학자금_생활비","2191","14"
"2020-11-04","일반상환학자금_등록금","9","0"
"2020-11-04","일반상환학자금_생활비","570","5"
"2020-11-04","취업후상환학자금_등록금","132","4"
"2020-11-04","취업후상환학자금_생활비","1669","12"
"2020-11-05","일반상환학자금_등록금","8","0"
"2020-11-05","일반상환학자금_생활비","418","3"
"2020-11-05","취업후상환학자금_등록금","110","3"
"2020-11-05","취업후상환학자금_생활비","1506","10"
"2020-11-06","일반상환학자금_등록금","8","0"
"2020-11-06","일반상환학자금_생활비","440","4"
"2020-11-06","취업후상환학자금_등록금","126","3"
"2020-11-06","취업후상환학자금_생활비","1569","11"
"2020-11-07","일반상환학자금_등록금","3","0"
"2020-11-07","일반상환학자금_생활비","487","4"
"2020-11-07","취업후상환학자금_등록금","109","3"
"2020-11-07","취업후상환학자금_생활비","1664","11"
"2020-11-08","일반상환학자금_등록금","0","0"
"2020-11-08","일반상환학자금_생활비","0","0"
"2020-11-08","취업후상환학자금_등록금","0","0"
"2020-11-08","취업후상환학자금_생활비","0","0"
"2020-11-09","일반상환학자금_등록금","0","0"
"2020-11-09","일반상환학자금_생활비","0","0"
"2020-11-09","취업후상환학자금_등록금","0","0"
"2020-11-09","취업후상환학자금_생활비","0","0"
"2020-11-10","일반상환학자금_등록금","22","0"
"2020-11-10","일반상환학자금_생활비","600","5"
"2020-11-10","취업후상환학자금_등록금","129","3"
"2020-11-10","취업후상환학자금_생활비","2043","15"
"2020-11-11","일반상환학자금_등록금","16","0"
"2020-11-11","일반상환학자금_생활비","592","5"
"2020-11-11","취업후상환학자금_등록금","124","3"
"2020-11-11","취업후상환학자금_생활비","1943","15"
"2020-11-12","일반상환학자금_등록금","17","0"
"2020-11-12","일반상환학자금_생활비","626","6"
"2020-11-12","취업후상환학자금_등록금","149","3"
"2020-11-12","취업후상환학자금_생활비","1858","14"
"2020-11-13","일반상환학자금_등록금","16","0"
"2020-11-13","일반상환학자금_생활비","660","6"
"2020-11-13","취업후상환학자금_등록금","175","4"
"2020-11-13","취업후상환학자금_생활비","1964","16"
"2020-11-14","일반상환학자금_등록금","11","0"
"2020-11-14","일반상환학자금_생활비","541","5"
"2020-11-14","취업후상환학자금_등록금","137","3"
"2020-11-14","취업후상환학자금_생활비","1599","11"
"2020-11-15","일반상환학자금_등록금","0","0"
"2020-11-15","일반상환학자금_생활비","0","0"
"2020-11-15","취업후상환학자금_등록금","0","0"
"2020-11-15","취업후상환학자금_생활비","0","0"
"2020-11-16","일반상환학자금_등록금","0","0"
"2020-11-16","일반상환학자금_생활비","0","0"
"2020-11-16","취업후상환학자금_등록금","0","0"
"2020-11-16","취업후상환학자금_생활비","0","0"
"2020-11-17","일반상환학자금_등록금","0","0"
"2020-11-17","일반상환학자금_생활비","0","0"
"2020-11-17","취업후상환학자금_등록금","47","1"
"2020-11-17","취업후상환학자금_생활비","50","1"
"2020-11-18","일반상환학자금_등록금","0","0"
"2020-11-18","일반상환학자금_생활비","0","0"
"2020-11-18","취업후상환학자금_등록금","98","2"
"2020-11-18","취업후상환학자금_생활비","109","1"
"2020-11-19","일반상환학자금_등록금","0","0"
"2020-11-19","일반상환학자금_생활비","0","0"
"2020-11-19","취업후상환학자금_등록금","97","2"
"2020-11-19","취업후상환학자금_생활비","112","2"
"2020-11-20","일반상환학자금_등록금","0","0"
"2020-11-20","일반상환학자금_생활비","0","0"
"2020-11-20","취업후상환학자금_등록금","88","2"
"2020-11-20","취업후상환학자금_생활비","102","1"
"2020-11-21","일반상환학자금_등록금","0","0"
"2020-11-21","일반상환학자금_생활비","0","0"
"2020-11-21","취업후상환학자금_등록금","52","1"
"2020-11-21","취업후상환학자금_생활비","71","1"
"2020-11-22","일반상환학자금_등록금","0","0"
"2020-11-22","일반상환학자금_생활비","0","0"
"2020-11-22","취업후상환학자금_등록금","0","0"
"2020-11-22","취업후상환학자금_생활비","0","0"
"2020-11-23","일반상환학자금_등록금","0","0"
"2020-11-23","일반상환학자금_생활비","0","0"
"2020-11-23","취업후상환학자금_등록금","0","0"
"2020-11-23","취업후상환학자금_생활비","0","0"
"2020-11-24","일반상환학자금_등록금","0","0"
"2020-11-24","일반상환학자금_생활비","0","0"
"2020-11-24","취업후상환학자금_등록금","75","2"
"2020-11-24","취업후상환학자금_생활비","67","1"
"2020-11-25","일반상환학자금_등록금","0","0"
"2020-11-25","일반상환학자금_생활비","0","0"
"2020-11-25","취업후상환학자금_등록금","82","2"
"2020-11-25","취업후상환학자금_생활비","102","1"
"2020-11-26","일반상환학자금_등록금","0","0"
"2020-11-26","일반상환학자금_생활비","0","0"
"2020-11-26","취업후상환학자금_등록금","95","2"
"2020-11-26","취업후상환학자금_생활비","104","1"
"2020-11-27","일반상환학자금_등록금","0","0"
"2020-11-27","일반상환학자금_생활비","0","0"
"2020-11-27","취업후상환학자금_등록금","151","3"
"2020-11-27","취업후상환학자금_생활비","202","3"
"2020-11-28","일반상환학자금_등록금","0","0"
"2020-11-28","일반상환학자금_생활비","0","0"
"2020-11-28","취업후상환학자금_등록금","139","3"
"2020-11-28","취업후상환학자금_생활비","154","2"
"2020-11-29","일반상환학자금_등록금","0","0"
"2020-11-29","일반상환학자금_생활비","0","0"
"2020-11-29","취업후상환학자금_등록금","0","0"
"2020-11-29","취업후상환학자금_생활비","0","0"
"2020-11-30","일반상환학자금_등록금","0","0"
"2020-11-30","일반상환학자금_생활비","0","0"
"2020-11-30","취업후상환학자금_등록금","0","0"
"2020-11-30","취업후상환학자금_생활비","0","0"
"2020-12-01","일반상환학자금_등록금","0","0"
"2020-12-01","일반상환학자금_생활비","0","0"
"2020-12-01","취업후상환학자금_등록금","80","2"
"2020-12-01","취업후상환학자금_생활비","107","2"
"2020-12-02","일반상환학자금_등록금","0","0"
"2020-12-02","일반상환학자금_생활비","0","0"
"2020-12-02","취업후상환학자금_등록금","0","0"
"2020-12-02","취업후상환학자금_생활비","0","0"
"2020-12-03","일반상환학자금_등록금","0","0"
"2020-12-03","일반상환학자금_생활비","0","0"
"2020-12-03","취업후상환학자금_등록금","0","0"
"2020-12-03","취업후상환학자금_생활비","0","0"
"2020-12-04","일반상환학자금_등록금","0","0"
"2020-12-04","일반상환학자금_생활비","0","0"
"2020-12-04","취업후상환학자금_등록금","0","0"
"2020-12-04","취업후상환학자금_생활비","0","0"
"2020-12-05","일반상환학자금_등록금","0","0"
"2020-12-05","일반상환학자금_생활비","0","0"
"2020-12-05","취업후상환학자금_등록금","0","0"
"2020-12-05","취업후상환학자금_생활비","0","0"
"2020-12-06","일반상환학자금_등록금","0","0"
"2020-12-06","일반상환학자금_생활비","0","0"
"2020-12-06","취업후상환학자금_등록금","0","0"
"2020-12-06","취업후상환학자금_생활비","0","0"
"2020-12-07","일반상환학자금_등록금","0","0"
"2020-12-07","일반상환학자금_생활비","0","0"
"2020-12-07","취업후상환학자금_등록금","0","0"
"2020-12-07","취업후상환학자금_생활비","0","0"
"2020-12-08","일반상환학자금_등록금","0","0"
"2020-12-08","일반상환학자금_생활비","0","0"
"2020-12-08","취업후상환학자금_등록금","0","0"
"2020-12-08","취업후상환학자금_생활비","0","0"
"2020-12-09","일반상환학자금_등록금","0","0"
"2020-12-09","일반상환학자금_생활비","0","0"
"2020-12-09","취업후상환학자금_등록금","0","0"
"2020-12-09","취업후상환학자금_생활비","0","0"
"2020-12-10","일반상환학자금_등록금","0","0"
"2020-12-10","일반상환학자금_생활비","0","0"
"2020-12-10","취업후상환학자금_등록금","0","0"
"2020-12-10","취업후상환학자금_생활비","0","0"
"2020-12-11","일반상환학자금_등록금","0","0"
"2020-12-11","일반상환학자금_생활비","0","0"
"2020-12-11","취업후상환학자금_등록금","0","0"
"2020-12-11","취업후상환학자금_생활비","0","0"
"2020-12-12","일반상환학자금_등록금","0","0"
"2020-12-12","일반상환학자금_생활비","0","0"
"2020-12-12","취업후상환학자금_등록금","0","0"
"2020-12-12","취업후상환학자금_생활비","0","0"
"2020-12-13","일반상환학자금_등록금","0","0"
"2020-12-13","일반상환학자금_생활비","0","0"
"2020-12-13","취업후상환학자금_등록금","0","0"
"2020-12-13","취업후상환학자금_생활비","0","0"
"2020-12-14","일반상환학자금_등록금","0","0"
"2020-12-14","일반상환학자금_생활비","0","0"
"2020-12-14","취업후상환학자금_등록금","0","0"
"2020-12-14","취업후상환학자금_생활비","0","0"
"2020-12-15","일반상환학자금_등록금","0","0"
"2020-12-15","일반상환학자금_생활비","0","0"
"2020-12-15","취업후상환학자금_등록금","0","0"
"2020-12-15","취업후상환학자금_생활비","0","0"
"2020-12-16","일반상환학자금_등록금","0","0"
"2020-12-16","일반상환학자금_생활비","0","0"
"2020-12-16","취업후상환학자금_등록금","0","0"
"2020-12-16","취업후상환학자금_생활비","0","0"
"2020-12-17","일반상환학자금_등록금","0","0"
"2020-12-17","일반상환학자금_생활비","0","0"
"2020-12-17","취업후상환학자금_등록금","0","0"
"2020-12-17","취업후상환학자금_생활비","0","0"
"2020-12-18","일반상환학자금_등록금","0","0"
"2020-12-18","일반상환학자금_생활비","0","0"
"2020-12-18","취업후상환학자금_등록금","0","0"
"2020-12-18","취업후상환학자금_생활비","0","0"
"2020-12-19","일반상환학자금_등록금","0","0"
"2020-12-19","일반상환학자금_생활비","0","0"
"2020-12-19","취업후상환학자금_등록금","0","0"
"2020-12-19","취업후상환학자금_생활비","0","0"
"2020-12-20","일반상환학자금_등록금","0","0"
"2020-12-20","일반상환학자금_생활비","0","0"
"2020-12-20","취업후상환학자금_등록금","0","0"
"2020-12-20","취업후상환학자금_생활비","0","0"
"2020-12-21","일반상환학자금_등록금","0","0"
"2020-12-21","일반상환학자금_생활비","0","0"
"2020-12-21","취업후상환학자금_등록금","0","0"
"2020-12-21","취업후상환학자금_생활비","0","0"
"2020-12-22","일반상환학자금_등록금","0","0"
"2020-12-22","일반상환학자금_생활비","0","0"
"2020-12-22","취업후상환학자금_등록금","0","0"
"2020-12-22","취업후상환학자금_생활비","0","0"
"2020-12-23","일반상환학자금_등록금","0","0"
"2020-12-23","일반상환학자금_생활비","0","0"
"2020-12-23","취업후상환학자금_등록금","0","0"
"2020-12-23","취업후상환학자금_생활비","0","0"
"2020-12-24","일반상환학자금_등록금","0","0"
"2020-12-24","일반상환학자금_생활비","0","0"
"2020-12-24","취업후상환학자금_등록금","0","0"
"2020-12-24","취업후상환학자금_생활비","0","0"
"2020-12-25","일반상환학자금_등록금","0","0"
"2020-12-25","일반상환학자금_생활비","0","0"
"2020-12-25","취업후상환학자금_등록금","0","0"
"2020-12-25","취업후상환학자금_생활비","0","0"
"2020-12-26","일반상환학자금_등록금","0","0"
"2020-12-26","일반상환학자금_생활비","0","0"
"2020-12-26","취업후상환학자금_등록금","0","0"
"2020-12-26","취업후상환학자금_생활비","0","0"
"2020-12-27","일반상환학자금_등록금","0","0"
"2020-12-27","일반상환학자금_생활비","0","0"
"2020-12-27","취업후상환학자금_등록금","0","0"
"2020-12-27","취업후상환학자금_생활비","0","0"
"2020-12-28","일반상환학자금_등록금","0","0"
"2020-12-28","일반상환학자금_생활비","0","0"
"2020-12-28","취업후상환학자금_등록금","0","0"
"2020-12-28","취업후상환학자금_생활비","0","0"
"2020-12-29","일반상환학자금_등록금","0","0"
"2020-12-29","일반상환학자금_생활비","0","0"
"2020-12-29","취업후상환학자금_등록금","0","0"
"2020-12-29","취업후상환학자금_생활비","0","0"
"2020-12-30","일반상환학자금_등록금","0","0"
"2020-12-30","일반상환학자금_생활비","0","0"
"2020-12-30","취업후상환학자금_등록금","0","0"
"2020-12-30","취업후상환학자금_생활비","0","0"
"2020-12-31","일반상환학자금_등록금","0","0"
"2020-12-31","일반상환학자금_생활비","0","0"
"2020-12-31","취업후상환학자금_등록금","0","0"
"2020-12-31","취업후상환학자금_생활비","0","0"
