"기준일자","상품명","당일신규실행건수","당일신규실행금액(억원)"
"2021-01-01","일반상환학자금_등록금","0","0"
"2021-01-01","일반상환학자금_생활비","0","0"
"2021-01-01","취업후상환학자금_등록금","0","0"
"2021-01-01","취업후상환학자금_생활비","0","0"
"2021-01-07","일반상환학자금_등록금","1091","61"
"2021-01-07","일반상환학자금_생활비","351","5"
"2021-01-07","취업후상환학자금_등록금","6","0"
"2021-01-07","취업후상환학자금_생활비","30","0"
"2021-01-08","일반상환학자금_등록금","778","46"
"2021-01-08","일반상환학자금_생활비","267","4"
"2021-01-08","취업후상환학자금_등록금","1","0"
"2021-01-08","취업후상환학자금_생활비","39","0"
"2021-01-09","일반상환학자금_등록금","347","22"
"2021-01-09","일반상환학자금_생활비","143","2"
"2021-01-09","취업후상환학자금_등록금","0","0"
"2021-01-09","취업후상환학자금_생활비","72","0"
"2021-01-10","일반상환학자금_등록금","0","0"
"2021-01-10","일반상환학자금_생활비","0","0"
"2021-01-10","취업후상환학자금_등록금","0","0"
"2021-01-10","취업후상환학자금_생활비","0","0"
"2021-01-11","일반상환학자금_등록금","0","0"
"2021-01-11","일반상환학자금_생활비","0","0"
"2021-01-11","취업후상환학자금_등록금","0","0"
"2021-01-11","취업후상환학자금_생활비","0","0"
"2021-01-12","일반상환학자금_등록금","458","22"
"2021-01-12","일반상환학자금_생활비","201","3"
"2021-01-12","취업후상환학자금_등록금","9","0"
"2021-01-12","취업후상환학자금_생활비","98","1"
"2021-01-13","일반상환학자금_등록금","412","20"
"2021-01-13","일반상환학자금_생활비","196","2"
"2021-01-13","취업후상환학자금_등록금","6","0"
"2021-01-13","취업후상환학자금_생활비","97","1"
"2021-01-14","일반상환학자금_등록금","443","22"
"2021-01-14","일반상환학자금_생활비","176","2"
"2021-01-14","취업후상환학자금_등록금","5","0"
"2021-01-14","취업후상환학자금_생활비","108","1"
"2021-01-15","일반상환학자금_등록금","424","21"
"2021-01-15","일반상환학자금_생활비","212","3"
"2021-01-15","취업후상환학자금_등록금","7","0"
"2021-01-15","취업후상환학자금_생활비","114","1"
"2021-01-16","일반상환학자금_등록금","262","13"
"2021-01-16","일반상환학자금_생활비","127","1"
"2021-01-16","취업후상환학자금_등록금","9","0"
"2021-01-16","취업후상환학자금_생활비","92","1"
"2021-01-17","일반상환학자금_등록금","0","0"
"2021-01-17","일반상환학자금_생활비","0","0"
"2021-01-17","취업후상환학자금_등록금","0","0"
"2021-01-17","취업후상환학자금_생활비","0","0"
"2021-01-18","일반상환학자금_등록금","0","0"
"2021-01-18","일반상환학자금_생활비","0","0"
"2021-01-18","취업후상환학자금_등록금","0","0"
"2021-01-18","취업후상환학자금_생활비","0","0"
"2021-01-19","일반상환학자금_등록금","538","22"
"2021-01-19","일반상환학자금_생활비","260","3"
"2021-01-19","취업후상환학자금_등록금","12","0"
"2021-01-19","취업후상환학자금_생활비","161","1"
"2021-01-20","일반상환학자금_등록금","390","15"
"2021-01-20","일반상환학자금_생활비","200","3"
"2021-01-20","취업후상환학자금_등록금","18","0"
"2021-01-20","취업후상환학자금_생활비","185","1"
"2021-01-21","일반상환학자금_등록금","749","36"
"2021-01-21","일반상환학자금_생활비","362","4"
"2021-01-21","취업후상환학자금_등록금","27","1"
"2021-01-21","취업후상환학자금_생활비","211","1"
"2021-01-22","일반상환학자금_등록금","553","29"
"2021-01-22","일반상환학자금_생활비","480","4"
"2021-01-22","취업후상환학자금_등록금","31","1"
"2021-01-22","취업후상환학자금_생활비","2124","10"
"2021-01-23","일반상환학자금_등록금","350","17"
"2021-01-23","일반상환학자금_생활비","321","3"
"2021-01-23","취업후상환학자금_등록금","34","1"
"2021-01-23","취업후상환학자금_생활비","1247","6"
"2021-01-24","일반상환학자금_등록금","0","0"
"2021-01-24","일반상환학자금_생활비","0","0"
"2021-01-24","취업후상환학자금_등록금","0","0"
"2021-01-24","취업후상환학자금_생활비","0","0"
"2021-01-25","일반상환학자금_등록금","0","0"
"2021-01-25","일반상환학자금_생활비","0","0"
"2021-01-25","취업후상환학자금_등록금","0","0"
"2021-01-25","취업후상환학자금_생활비","0","0"
"2021-01-26","일반상환학자금_등록금","455","20"
"2021-01-26","일반상환학자금_생활비","455","4"
"2021-01-26","취업후상환학자금_등록금","61","2"
"2021-01-26","취업후상환학자금_생활비","1764","9"
"2021-01-27","일반상환학자금_등록금","675","26"
"2021-01-27","일반상환학자금_생활비","463","5"
"2021-01-27","취업후상환학자금_등록금","45","1"
"2021-01-27","취업후상환학자금_생활비","1355","7"
"2021-01-28","일반상환학자금_등록금","831","35"
"2021-01-28","일반상환학자금_생활비","473","5"
"2021-01-28","취업후상환학자금_등록금","64","2"
"2021-01-28","취업후상환학자금_생활비","1133","6"
"2021-01-29","일반상환학자금_등록금","669","23"
"2021-01-29","일반상환학자금_생활비","495","5"
"2021-01-29","취업후상환학자금_등록금","89","1"
"2021-01-29","취업후상환학자금_생활비","1262","7"
"2021-01-30","일반상환학자금_등록금","526","17"
"2021-01-30","일반상환학자금_생활비","409","4"
"2021-01-30","취업후상환학자금_등록금","71","2"
"2021-01-30","취업후상환학자금_생활비","1304","6"
"2021-01-31","일반상환학자금_등록금","0","0"
"2021-01-31","일반상환학자금_생활비","0","0"
"2021-01-31","취업후상환학자금_등록금","0","0"
"2021-01-31","취업후상환학자금_생활비","0","0"
"2021-02-01","일반상환학자금_등록금","0","0"
"2021-02-01","일반상환학자금_생활비","0","0"
"2021-02-01","취업후상환학자금_등록금","0","0"
"2021-02-01","취업후상환학자금_생활비","0","0"
"2021-02-02","일반상환학자금_등록금","1013","33"
"2021-02-02","일반상환학자금_생활비","795","9"
"2021-02-02","취업후상환학자금_등록금","215","3"
"2021-02-02","취업후상환학자금_생활비","1921","10"
"2021-02-03","일반상환학자금_등록금","750","26"
"2021-02-03","일반상환학자금_생활비","518","6"
"2021-02-03","취업후상환학자금_등록금","127","3"
"2021-02-03","취업후상환학자금_생활비","1411","7"
"2021-02-04","일반상환학자금_등록금","1143","53"
"2021-02-04","일반상환학자금_생활비","709","8"
"2021-02-04","취업후상환학자금_등록금","101","2"
"2021-02-04","취업후상환학자금_생활비","1157","6"
"2021-02-05","일반상환학자금_등록금","737","28"
"2021-02-05","일반상환학자금_생활비","838","7"
"2021-02-05","취업후상환학자금_등록금","171","3"
"2021-02-05","취업후상환학자금_생활비","3677","19"
"2021-02-06","일반상환학자금_등록금","591","23"
"2021-02-06","일반상환학자금_생활비","599","6"
"2021-02-06","취업후상환학자금_등록금","155","3"
"2021-02-06","취업후상환학자금_생활비","2363","12"
"2021-02-07","일반상환학자금_등록금","0","0"
"2021-02-07","일반상환학자금_생활비","0","0"
"2021-02-07","취업후상환학자금_등록금","0","0"
"2021-02-07","취업후상환학자금_생활비","0","0"
"2021-02-08","일반상환학자금_등록금","0","0"
"2021-02-08","일반상환학자금_생활비","0","0"
"2021-02-08","취업후상환학자금_등록금","0","0"
"2021-02-08","취업후상환학자금_생활비","0","0"
"2021-02-09","일반상환학자금_등록금","10666","370"
"2021-02-09","일반상환학자금_생활비","4083","55"
"2021-02-09","취업후상환학자금_등록금","6819","188"
"2021-02-09","취업후상환학자금_생활비","5015","50"
"2021-02-10","일반상환학자금_등록금","7069","240"
"2021-02-10","일반상환학자금_생활비","2515","32"
"2021-02-10","취업후상환학자금_등록금","3104","88"
"2021-02-10","취업후상환학자금_생활비","3029","28"
"2021-02-11","일반상환학자금_등록금","3531","116"
"2021-02-11","일반상환학자금_생활비","1785","20"
"2021-02-11","취업후상환학자금_등록금","1362","39"
"2021-02-11","취업후상환학자금_생활비","2364","18"
"2021-02-12","일반상환학자금_등록금","0","0"
"2021-02-12","일반상환학자금_생활비","0","0"
"2021-02-12","취업후상환학자금_등록금","0","0"
"2021-02-12","취업후상환학자금_생활비","0","0"
"2021-02-13","일반상환학자금_등록금","0","0"
"2021-02-13","일반상환학자금_생활비","0","0"
"2021-02-13","취업후상환학자금_등록금","0","0"
"2021-02-13","취업후상환학자금_생활비","0","0"
"2021-02-14","일반상환학자금_등록금","0","0"
"2021-02-14","일반상환학자금_생활비","0","0"
"2021-02-14","취업후상환학자금_등록금","0","0"
"2021-02-14","취업후상환학자금_생활비","0","0"
"2021-02-15","일반상환학자금_등록금","0","0"
"2021-02-15","일반상환학자금_생활비","0","0"
"2021-02-15","취업후상환학자금_등록금","0","0"
"2021-02-15","취업후상환학자금_생활비","0","0"
"2021-02-16","일반상환학자금_등록금","3305","120"
"2021-02-16","일반상환학자금_생활비","3302","33"
"2021-02-16","취업후상환학자금_등록금","2297","50"
"2021-02-16","취업후상환학자금_생활비","3933","34"
"2021-02-17","일반상환학자금_등록금","2747","94"
"2021-02-17","일반상환학자금_생활비","2400","25"
"2021-02-17","취업후상환학자금_등록금","1610","37"
"2021-02-17","취업후상환학자금_생활비","2729","24"
"2021-02-18","일반상환학자금_등록금","2530","90"
"2021-02-18","일반상환학자금_생활비","2301","22"
"2021-02-18","취업후상환학자금_등록금","1551","34"
"2021-02-18","취업후상환학자금_생활비","2587","22"
"2021-02-19","일반상환학자금_등록금","2587","88"
"2021-02-19","일반상환학자금_생활비","2396","24"
"2021-02-19","취업후상환학자금_등록금","1393","30"
"2021-02-19","취업후상환학자금_생활비","2401","20"
"2021-02-20","일반상환학자금_등록금","6750","264"
"2021-02-20","일반상환학자금_생활비","4623","53"
"2021-02-20","취업후상환학자금_등록금","5065","112"
"2021-02-20","취업후상환학자금_생활비","5325","50"
"2021-02-21","일반상환학자금_등록금","0","0"
"2021-02-21","일반상환학자금_생활비","0","0"
"2021-02-21","취업후상환학자금_등록금","0","0"
"2021-02-21","취업후상환학자금_생활비","0","0"
"2021-02-22","일반상환학자금_등록금","0","0"
"2021-02-22","일반상환학자금_생활비","0","0"
"2021-02-22","취업후상환학자금_등록금","0","0"
"2021-02-22","취업후상환학자금_생활비","0","0"
"2021-02-23","일반상환학자금_등록금","14840","550"
"2021-02-23","일반상환학자금_생활비","8224","101"
"2021-02-23","취업후상환학자금_등록금","16817","346"
"2021-02-23","취업후상환학자금_생활비","12606","133"
"2021-02-24","일반상환학자금_등록금","11699","420"
"2021-02-24","일반상환학자금_생활비","5910","73"
"2021-02-24","취업후상환학자금_등록금","9757","209"
"2021-02-24","취업후상환학자금_생활비","9128","97"
"2021-02-25","일반상환학자금_등록금","9174","333"
"2021-02-25","일반상환학자금_생활비","4509","54"
"2021-02-25","취업후상환학자금_등록금","6987","155"
"2021-02-25","취업후상환학자금_생활비","6947","73"
"2021-02-26","일반상환학자금_등록금","7950","297"
"2021-02-26","일반상환학자금_생활비","4002","48"
"2021-02-26","취업후상환학자금_등록금","4778","112"
"2021-02-26","취업후상환학자금_생활비","5338","54"
"2021-02-27","일반상환학자금_등록금","4051","145"
"2021-02-27","일반상환학자금_생활비","3014","34"
"2021-02-27","취업후상환학자금_등록금","4671","122"
"2021-02-27","취업후상환학자금_생활비","6295","62"
"2021-02-28","일반상환학자금_등록금","108","4"
"2021-02-28","일반상환학자금_생활비","0","0"
"2021-02-28","취업후상환학자금_등록금","51","2"
"2021-02-28","취업후상환학자금_생활비","0","0"
"2021-03-01","일반상환학자금_등록금","57","2"
"2021-03-01","일반상환학자금_생활비","0","0"
"2021-03-01","취업후상환학자금_등록금","47","1"
"2021-03-01","취업후상환학자금_생활비","0","0"
"2021-03-02","일반상환학자금_등록금","0","0"
"2021-03-02","일반상환학자금_생활비","0","0"
"2021-03-02","취업후상환학자금_등록금","0","0"
"2021-03-02","취업후상환학자금_생활비","0","0"
"2021-03-03","일반상환학자금_등록금","1188","39"
"2021-03-03","일반상환학자금_생활비","2832","29"
"2021-03-03","취업후상환학자금_등록금","2186","57"
"2021-03-03","취업후상환학자금_생활비","8085","76"
"2021-03-04","일반상환학자금_등록금","1392","49"
"2021-03-04","일반상환학자금_생활비","1972","21"
"2021-03-04","취업후상환학자금_등록금","1581","43"
"2021-03-04","취업후상환학자금_생활비","4667","43"
"2021-03-05","일반상환학자금_등록금","1212","43"
"2021-03-05","일반상환학자금_생활비","1630","17"
"2021-03-05","취업후상환학자금_등록금","1309","35"
"2021-03-05","취업후상환학자금_생활비","3680","33"
"2021-03-06","일반상환학자금_등록금","1023","36"
"2021-03-06","일반상환학자금_생활비","1564","16"
"2021-03-06","취업후상환학자금_등록금","1260","36"
"2021-03-06","취업후상환학자금_생활비","3572","31"
"2021-03-07","일반상환학자금_등록금","0","0"
"2021-03-07","일반상환학자금_생활비","0","0"
"2021-03-07","취업후상환학자금_등록금","0","0"
"2021-03-07","취업후상환학자금_생활비","0","0"
"2021-03-08","일반상환학자금_등록금","0","0"
"2021-03-08","일반상환학자금_생활비","0","0"
"2021-03-08","취업후상환학자금_등록금","0","0"
"2021-03-08","취업후상환학자금_생활비","0","0"
"2021-03-09","일반상환학자금_등록금","732","25"
"2021-03-09","일반상환학자금_생활비","1749","17"
"2021-03-09","취업후상환학자금_등록금","876","24"
"2021-03-09","취업후상환학자금_생활비","4094","33"
"2021-03-10","일반상환학자금_등록금","844","29"
"2021-03-10","일반상환학자금_생활비","1469","15"
"2021-03-10","취업후상환학자금_등록금","1172","32"
"2021-03-10","취업후상환학자금_생활비","3257","29"
"2021-03-11","일반상환학자금_등록금","1270","38"
"2021-03-11","일반상환학자금_생활비","1575","17"
"2021-03-11","취업후상환학자금_등록금","1685","43"
"2021-03-11","취업후상환학자금_생활비","3263","29"
"2021-03-12","일반상환학자금_등록금","1664","55"
"2021-03-12","일반상환학자금_생활비","1660","18"
"2021-03-12","취업후상환학자금_등록금","1907","50"
"2021-03-12","취업후상환학자금_생활비","3264","29"
"2021-03-13","일반상환학자금_등록금","1292","43"
"2021-03-13","일반상환학자금_생활비","1474","15"
"2021-03-13","취업후상환학자금_등록금","1391","37"
"2021-03-13","취업후상환학자금_생활비","3045","26"
"2021-03-14","일반상환학자금_등록금","0","0"
"2021-03-14","일반상환학자금_생활비","0","0"
"2021-03-14","취업후상환학자금_등록금","0","0"
"2021-03-14","취업후상환학자금_생활비","0","0"
"2021-03-15","일반상환학자금_등록금","0","0"
"2021-03-15","일반상환학자금_생활비","0","0"
"2021-03-15","취업후상환학자금_등록금","0","0"
"2021-03-15","취업후상환학자금_생활비","0","0"
"2021-03-16","일반상환학자금_등록금","1257","45"
"2021-03-16","일반상환학자금_생활비","1763","17"
"2021-03-16","취업후상환학자금_등록금","1272","33"
"2021-03-16","취업후상환학자금_생활비","3801","31"
"2021-03-17","일반상환학자금_등록금","786","25"
"2021-03-17","일반상환학자금_생활비","1306","13"
"2021-03-17","취업후상환학자금_등록금","919","24"
"2021-03-17","취업후상환학자금_생활비","2597","21"
"2021-03-18","일반상환학자금_등록금","699","21"
"2021-03-18","일반상환학자금_생활비","1072","10"
"2021-03-18","취업후상환학자금_등록금","937","24"
"2021-03-18","취업후상환학자금_생활비","2280","18"
"2021-03-19","일반상환학자금_등록금","594","18"
"2021-03-19","일반상환학자금_생활비","962","9"
"2021-03-19","취업후상환학자금_등록금","657","16"
"2021-03-19","취업후상환학자금_생활비","2017","15"
"2021-03-20","일반상환학자금_등록금","443","14"
"2021-03-20","일반상환학자금_생활비","961","8"
"2021-03-20","취업후상환학자금_등록금","557","14"
"2021-03-20","취업후상환학자금_생활비","2365","16"
"2021-03-21","일반상환학자금_등록금","0","0"
"2021-03-21","일반상환학자금_생활비","0","0"
"2021-03-21","취업후상환학자금_등록금","0","0"
"2021-03-21","취업후상환학자금_생활비","0","0"
"2021-03-22","일반상환학자금_등록금","0","0"
"2021-03-22","일반상환학자금_생활비","0","0"
"2021-03-22","취업후상환학자금_등록금","0","0"
"2021-03-22","취업후상환학자금_생활비","0","0"
"2021-03-23","일반상환학자금_등록금","391","11"
"2021-03-23","일반상환학자금_생활비","1181","10"
"2021-03-23","취업후상환학자금_등록금","556","14"
"2021-03-23","취업후상환학자금_생활비","2986","21"
"2021-03-24","일반상환학자금_등록금","500","15"
"2021-03-24","일반상환학자금_생활비","1011","9"
"2021-03-24","취업후상환학자금_등록금","649","16"
"2021-03-24","취업후상환학자금_생활비","2296","16"
"2021-03-25","일반상환학자금_등록금","618","19"
"2021-03-25","일반상환학자금_생활비","884","8"
"2021-03-25","취업후상환학자금_등록금","617","14"
"2021-03-25","취업후상환학자금_생활비","2071","15"
"2021-03-26","일반상환학자금_등록금","399","12"
"2021-03-26","일반상환학자금_생활비","917","8"
"2021-03-26","취업후상환학자금_등록금","495","12"
"2021-03-26","취업후상환학자금_생활비","2119","15"
"2021-03-27","일반상환학자금_등록금","282","9"
"2021-03-27","일반상환학자금_생활비","842","7"
"2021-03-27","취업후상환학자금_등록금","376","10"
"2021-03-27","취업후상환학자금_생활비","2133","13"
"2021-03-28","일반상환학자금_등록금","0","0"
"2021-03-28","일반상환학자금_생활비","0","0"
"2021-03-28","취업후상환학자금_등록금","0","0"
"2021-03-28","취업후상환학자금_생활비","0","0"
"2021-03-29","일반상환학자금_등록금","0","0"
"2021-03-29","일반상환학자금_생활비","0","0"
"2021-03-29","취업후상환학자금_등록금","0","0"
"2021-03-29","취업후상환학자금_생활비","0","0"
"2021-03-30","일반상환학자금_등록금","323","9"
"2021-03-30","일반상환학자금_생활비","948","8"
"2021-03-30","취업후상환학자금_등록금","334","8"
"2021-03-30","취업후상환학자금_생활비","2579","16"
"2021-03-31","일반상환학자금_등록금","239","7"
"2021-03-31","일반상환학자금_생활비","815","7"
"2021-03-31","취업후상환학자금_등록금","953","27"
"2021-03-31","취업후상환학자금_생활비","2630","22"
"2021-04-01","일반상환학자금_등록금","175","5"
"2021-04-01","일반상환학자금_생활비","739","7"
"2021-04-01","취업후상환학자금_등록금","401","11"
"2021-04-01","취업후상환학자금_생활비","1894","14"
"2021-04-02","일반상환학자금_등록금","133","4"
"2021-04-02","일반상환학자금_생활비","604","5"
"2021-04-02","취업후상환학자금_등록금","272","7"
"2021-04-02","취업후상환학자금_생활비","1760","12"
"2021-04-03","일반상환학자금_등록금","94","3"
"2021-04-03","일반상환학자금_생활비","600","5"
"2021-04-03","취업후상환학자금_등록금","239","7"
"2021-04-03","취업후상환학자금_생활비","1869","12"
"2021-04-04","일반상환학자금_등록금","0","0"
"2021-04-04","일반상환학자금_생활비","0","0"
"2021-04-04","취업후상환학자금_등록금","0","0"
"2021-04-04","취업후상환학자금_생활비","0","0"
"2021-04-05","일반상환학자금_등록금","0","0"
"2021-04-05","일반상환학자금_생활비","0","0"
"2021-04-05","취업후상환학자금_등록금","0","0"
"2021-04-05","취업후상환학자금_생활비","0","0"
"2021-04-06","일반상환학자금_등록금","97","3"
"2021-04-06","일반상환학자금_생활비","781","7"
"2021-04-06","취업후상환학자금_등록금","338","9"
"2021-04-06","취업후상환학자금_생활비","2294","16"
"2021-04-07","일반상환학자금_등록금","92","3"
"2021-04-07","일반상환학자금_생활비","557","5"
"2021-04-07","취업후상환학자금_등록금","315","9"
"2021-04-07","취업후상환학자금_생활비","1961","15"
"2021-04-08","일반상환학자금_등록금","115","3"
"2021-04-08","일반상환학자금_생활비","553","5"
"2021-04-08","취업후상환학자금_등록금","273","8"
"2021-04-08","취업후상환학자금_생활비","1624","12"
"2021-04-09","일반상환학자금_등록금","89","3"
"2021-04-09","일반상환학자금_생활비","512","4"
"2021-04-09","취업후상환학자금_등록금","329","9"
"2021-04-09","취업후상환학자금_생활비","1582","12"
"2021-04-10","일반상환학자금_등록금","83","3"
"2021-04-10","일반상환학자금_생활비","524","4"
"2021-04-10","취업후상환학자금_등록금","230","6"
"2021-04-10","취업후상환학자금_생활비","1605","10"
"2021-04-11","일반상환학자금_등록금","0","0"
"2021-04-11","일반상환학자금_생활비","0","0"
"2021-04-11","취업후상환학자금_등록금","0","0"
"2021-04-11","취업후상환학자금_생활비","0","0"
"2021-04-12","일반상환학자금_등록금","0","0"
"2021-04-12","일반상환학자금_생활비","0","0"
"2021-04-12","취업후상환학자금_등록금","0","0"
"2021-04-12","취업후상환학자금_생활비","0","0"
"2021-04-13","일반상환학자금_등록금","134","4"
"2021-04-13","일반상환학자금_생활비","670","6"
"2021-04-13","취업후상환학자금_등록금","251","7"
"2021-04-13","취업후상환학자금_생활비","1972","14"
"2021-04-14","일반상환학자금_등록금","175","6"
"2021-04-14","일반상환학자금_생활비","584","5"
"2021-04-14","취업후상환학자금_등록금","263","7"
"2021-04-14","취업후상환학자금_생활비","1599","12"
"2021-04-15","일반상환학자금_등록금","197","6"
"2021-04-15","일반상환학자금_생활비","729","7"
"2021-04-15","취업후상환학자금_등록금","579","17"
"2021-04-15","취업후상환학자금_생활비","2048","19"
"2021-04-16","일반상환학자금_등록금","8","0"
"2021-04-16","일반상환학자금_생활비","1028","11"
"2021-04-16","취업후상환학자금_등록금","194","5"
"2021-04-16","취업후상환학자금_생활비","1599","13"
"2021-04-17","일반상환학자금_등록금","14","0"
"2021-04-17","일반상환학자금_생활비","651","6"
"2021-04-17","취업후상환학자금_등록금","174","5"
"2021-04-17","취업후상환학자금_생활비","1544","11"
"2021-04-18","일반상환학자금_등록금","0","0"
"2021-04-18","일반상환학자금_생활비","0","0"
"2021-04-18","취업후상환학자금_등록금","0","0"
"2021-04-18","취업후상환학자금_생활비","0","0"
"2021-04-19","일반상환학자금_등록금","0","0"
"2021-04-19","일반상환학자금_생활비","0","0"
"2021-04-19","취업후상환학자금_등록금","0","0"
"2021-04-19","취업후상환학자금_생활비","0","0"
"2021-04-20","일반상환학자금_등록금","3","0"
"2021-04-20","일반상환학자금_생활비","642","6"
"2021-04-20","취업후상환학자금_등록금","123","3"
"2021-04-20","취업후상환학자금_생활비","1804","13"
"2021-04-21","일반상환학자금_등록금","3","0"
"2021-04-21","일반상환학자금_생활비","543","5"
"2021-04-21","취업후상환학자금_등록금","150","4"
"2021-04-21","취업후상환학자금_생활비","1431","11"
"2021-04-22","일반상환학자금_등록금","7","0"
"2021-04-22","일반상환학자금_생활비","460","4"
"2021-04-22","취업후상환학자금_등록금","91","2"
"2021-04-22","취업후상환학자금_생활비","1156","8"
"2021-04-23","일반상환학자금_등록금","11","0"
"2021-04-23","일반상환학자금_생활비","469","4"
"2021-04-23","취업후상환학자금_등록금","201","6"
"2021-04-23","취업후상환학자금_생활비","1364","10"
"2021-04-24","일반상환학자금_등록금","9","0"
"2021-04-24","일반상환학자금_생활비","481","4"
"2021-04-24","취업후상환학자금_등록금","122","3"
"2021-04-24","취업후상환학자금_생활비","1606","11"
"2021-04-25","일반상환학자금_등록금","0","0"
"2021-04-25","일반상환학자금_생활비","0","0"
"2021-04-25","취업후상환학자금_등록금","0","0"
"2021-04-25","취업후상환학자금_생활비","0","0"
"2021-04-26","일반상환학자금_등록금","0","0"
"2021-04-26","일반상환학자금_생활비","0","0"
"2021-04-26","취업후상환학자금_등록금","0","0"
"2021-04-26","취업후상환학자금_생활비","0","0"
"2021-04-27","일반상환학자금_등록금","2","0"
"2021-04-27","일반상환학자금_생활비","932","10"
"2021-04-27","취업후상환학자금_등록금","192","4"
"2021-04-27","취업후상환학자금_생활비","2066","15"
"2021-04-28","일반상환학자금_등록금","2","0"
"2021-04-28","일반상환학자금_생활비","690","7"
"2021-04-28","취업후상환학자금_등록금","146","3"
"2021-04-28","취업후상환학자금_생활비","1818","15"
"2021-04-29","일반상환학자금_등록금","3","0"
"2021-04-29","일반상환학자금_생활비","616","6"
"2021-04-29","취업후상환학자금_등록금","116","3"
"2021-04-29","취업후상환학자금_생활비","1618","12"
"2021-04-30","일반상환학자금_등록금","1","0"
"2021-04-30","일반상환학자금_생활비","521","5"
"2021-04-30","취업후상환학자금_등록금","104","2"
"2021-04-30","취업후상환학자금_생활비","1471","11"
"2021-05-01","일반상환학자금_등록금","1","0"
"2021-05-01","일반상환학자금_생활비","495","4"
"2021-05-01","취업후상환학자금_등록금","384","8"
"2021-05-01","취업후상환학자금_생활비","1840","14"
"2021-05-02","일반상환학자금_등록금","0","0"
"2021-05-02","일반상환학자금_생활비","0","0"
"2021-05-02","취업후상환학자금_등록금","0","0"
"2021-05-02","취업후상환학자금_생활비","0","0"
"2021-05-03","일반상환학자금_등록금","0","0"
"2021-05-03","일반상환학자금_생활비","0","0"
"2021-05-03","취업후상환학자금_등록금","0","0"
"2021-05-03","취업후상환학자금_생활비","0","0"
"2021-05-04","일반상환학자금_등록금","13","0"
"2021-05-04","일반상환학자금_생활비","916","10"
"2021-05-04","취업후상환학자금_등록금","223","5"
"2021-05-04","취업후상환학자금_생활비","2648","23"
"2021-05-05","일반상환학자금_등록금","22","0"
"2021-05-05","일반상환학자금_생활비","829","9"
"2021-05-05","취업후상환학자금_등록금","297","6"
"2021-05-05","취업후상환학자금_생활비","2136","19"
"2021-05-06","일반상환학자금_등록금","0","0"
"2021-05-06","일반상환학자금_생활비","0","0"
"2021-05-06","취업후상환학자금_등록금","0","0"
"2021-05-06","취업후상환학자금_생활비","0","0"
"2021-05-07","일반상환학자금_등록금","26","0"
"2021-05-07","일반상환학자금_생활비","1213","13"
"2021-05-07","취업후상환학자금_등록금","354","7"
"2021-05-07","취업후상환학자금_생활비","2939","27"
"2021-05-08","일반상환학자금_등록금","27","0"
"2021-05-08","일반상환학자금_생활비","1010","11"
"2021-05-08","취업후상환학자금_등록금","334","7"
"2021-05-08","취업후상환학자금_생활비","2472","21"
"2021-05-09","일반상환학자금_등록금","0","0"
"2021-05-09","일반상환학자금_생활비","0","0"
"2021-05-09","취업후상환학자금_등록금","0","0"
"2021-05-09","취업후상환학자금_생활비","0","0"
"2021-05-10","일반상환학자금_등록금","0","0"
"2021-05-10","일반상환학자금_생활비","0","0"
"2021-05-10","취업후상환학자금_등록금","0","0"
"2021-05-10","취업후상환학자금_생활비","0","0"
"2021-05-11","일반상환학자금_등록금","0","0"
"2021-05-11","일반상환학자금_생활비","0","0"
"2021-05-11","취업후상환학자금_등록금","412","8"
"2021-05-11","취업후상환학자금_생활비","317","4"
"2021-05-12","일반상환학자금_등록금","0","0"
"2021-05-12","일반상환학자금_생활비","0","0"
"2021-05-12","취업후상환학자금_등록금","264","5"
"2021-05-12","취업후상환학자금_생활비","221","3"
"2021-05-13","일반상환학자금_등록금","0","0"
"2021-05-13","일반상환학자금_생활비","0","0"
"2021-05-13","취업후상환학자금_등록금","389","7"
"2021-05-13","취업후상환학자금_생활비","345","5"
"2021-05-14","일반상환학자금_등록금","0","0"
"2021-05-14","일반상환학자금_생활비","0","0"
"2021-05-14","취업후상환학자금_등록금","192","3"
"2021-05-14","취업후상환학자금_생활비","166","2"
"2021-05-15","일반상환학자금_등록금","0","0"
"2021-05-15","일반상환학자금_생활비","0","0"
"2021-05-15","취업후상환학자금_등록금","230","5"
"2021-05-15","취업후상환학자금_생활비","166","2"
"2021-05-16","일반상환학자금_등록금","0","0"
"2021-05-16","일반상환학자금_생활비","0","0"
"2021-05-16","취업후상환학자금_등록금","0","0"
"2021-05-16","취업후상환학자금_생활비","0","0"
"2021-05-17","일반상환학자금_등록금","0","0"
"2021-05-17","일반상환학자금_생활비","0","0"
"2021-05-17","취업후상환학자금_등록금","0","0"
"2021-05-17","취업후상환학자금_생활비","0","0"
"2021-05-18","일반상환학자금_등록금","0","0"
"2021-05-18","일반상환학자금_생활비","0","0"
"2021-05-18","취업후상환학자금_등록금","228","4"
"2021-05-18","취업후상환학자금_생활비","184","3"
"2021-05-19","일반상환학자금_등록금","0","0"
"2021-05-19","일반상환학자금_생활비","0","0"
"2021-05-19","취업후상환학자금_등록금","195","3"
"2021-05-19","취업후상환학자금_생활비","211","3"
"2021-05-20","일반상환학자금_등록금","0","0"
"2021-05-20","일반상환학자금_생활비","0","0"
"2021-05-20","취업후상환학자금_등록금","0","0"
"2021-05-20","취업후상환학자금_생활비","0","0"
"2021-05-21","일반상환학자금_등록금","0","0"
"2021-05-21","일반상환학자금_생활비","0","0"
"2021-05-21","취업후상환학자금_등록금","314","6"
"2021-05-21","취업후상환학자금_생활비","249","4"
"2021-05-22","일반상환학자금_등록금","0","0"
"2021-05-22","일반상환학자금_생활비","0","0"
"2021-05-22","취업후상환학자금_등록금","309","6"
"2021-05-22","취업후상환학자금_생활비","253","4"
"2021-05-23","일반상환학자금_등록금","0","0"
"2021-05-23","일반상환학자금_생활비","0","0"
"2021-05-23","취업후상환학자금_등록금","0","0"
"2021-05-23","취업후상환학자금_생활비","0","0"
"2021-05-24","일반상환학자금_등록금","0","0"
"2021-05-24","일반상환학자금_생활비","0","0"
"2021-05-24","취업후상환학자금_등록금","0","0"
"2021-05-24","취업후상환학자금_생활비","0","0"
"2021-05-25","일반상환학자금_등록금","0","0"
"2021-05-25","일반상환학자금_생활비","0","0"
"2021-05-25","취업후상환학자금_등록금","660","13"
"2021-05-25","취업후상환학자금_생활비","499","7"
"2021-05-26","일반상환학자금_등록금","0","0"
"2021-05-26","일반상환학자금_생활비","0","0"
"2021-05-26","취업후상환학자금_등록금","654","13"
"2021-05-26","취업후상환학자금_생활비","587","8"
"2021-05-27","일반상환학자금_등록금","0","0"
"2021-05-27","일반상환학자금_생활비","0","0"
"2021-05-27","취업후상환학자금_등록금","1","0"
"2021-05-27","취업후상환학자금_생활비","1","0"
"2021-05-28","일반상환학자금_등록금","0","0"
"2021-05-28","일반상환학자금_생활비","0","0"
"2021-05-28","취업후상환학자금_등록금","0","0"
"2021-05-28","취업후상환학자금_생활비","0","0"
"2021-05-29","일반상환학자금_등록금","0","0"
"2021-05-29","일반상환학자금_생활비","0","0"
"2021-05-29","취업후상환학자금_등록금","0","0"
"2021-05-29","취업후상환학자금_생활비","0","0"
"2021-05-30","일반상환학자금_등록금","0","0"
"2021-05-30","일반상환학자금_생활비","0","0"
"2021-05-30","취업후상환학자금_등록금","0","0"
"2021-05-30","취업후상환학자금_생활비","0","0"
"2021-05-31","일반상환학자금_등록금","0","0"
"2021-05-31","일반상환학자금_생활비","0","0"
"2021-05-31","취업후상환학자금_등록금","0","0"
"2021-05-31","취업후상환학자금_생활비","0","0"
"2021-06-01","일반상환학자금_등록금","0","0"
"2021-06-01","일반상환학자금_생활비","0","0"
"2021-06-01","취업후상환학자금_등록금","0","0"
"2021-06-01","취업후상환학자금_생활비","0","0"
"2021-06-02","일반상환학자금_등록금","0","0"
"2021-06-02","일반상환학자금_생활비","0","0"
"2021-06-02","취업후상환학자금_등록금","0","0"
"2021-06-02","취업후상환학자금_생활비","0","0"
"2021-06-03","일반상환학자금_등록금","0","0"
"2021-06-03","일반상환학자금_생활비","0","0"
"2021-06-03","취업후상환학자금_등록금","0","0"
"2021-06-03","취업후상환학자금_생활비","0","0"
"2021-06-04","일반상환학자금_등록금","0","0"
"2021-06-04","일반상환학자금_생활비","0","0"
"2021-06-04","취업후상환학자금_등록금","0","0"
"2021-06-04","취업후상환학자금_생활비","0","0"
"2021-06-05","일반상환학자금_등록금","0","0"
"2021-06-05","일반상환학자금_생활비","0","0"
"2021-06-05","취업후상환학자금_등록금","0","0"
"2021-06-05","취업후상환학자금_생활비","0","0"
"2021-06-06","일반상환학자금_등록금","0","0"
"2021-06-06","일반상환학자금_생활비","0","0"
"2021-06-06","취업후상환학자금_등록금","0","0"
"2021-06-06","취업후상환학자금_생활비","0","0"
"2021-06-07","일반상환학자금_등록금","0","0"
"2021-06-07","일반상환학자금_생활비","0","0"
"2021-06-07","취업후상환학자금_등록금","0","0"
"2021-06-07","취업후상환학자금_생활비","0","0"
"2021-06-08","일반상환학자금_등록금","0","0"
"2021-06-08","일반상환학자금_생활비","0","0"
"2021-06-08","취업후상환학자금_등록금","0","0"
"2021-06-08","취업후상환학자금_생활비","0","0"
"2021-06-09","일반상환학자금_등록금","0","0"
"2021-06-09","일반상환학자금_생활비","0","0"
"2021-06-09","취업후상환학자금_등록금","0","0"
"2021-06-09","취업후상환학자금_생활비","0","0"
"2021-06-10","일반상환학자금_등록금","0","0"
"2021-06-10","일반상환학자금_생활비","0","0"
"2021-06-10","취업후상환학자금_등록금","0","0"
"2021-06-10","취업후상환학자금_생활비","0","0"
"2021-06-11","일반상환학자금_등록금","0","0"
"2021-06-11","일반상환학자금_생활비","0","0"
"2021-06-11","취업후상환학자금_등록금","0","0"
"2021-06-11","취업후상환학자금_생활비","0","0"
"2021-06-12","일반상환학자금_등록금","0","0"
"2021-06-12","일반상환학자금_생활비","0","0"
"2021-06-12","취업후상환학자금_등록금","0","0"
"2021-06-12","취업후상환학자금_생활비","0","0"
"2021-06-13","일반상환학자금_등록금","0","0"
"2021-06-13","일반상환학자금_생활비","0","0"
"2021-06-13","취업후상환학자금_등록금","0","0"
"2021-06-13","취업후상환학자금_생활비","0","0"
"2021-06-14","일반상환학자금_등록금","0","0"
"2021-06-14","일반상환학자금_생활비","0","0"
"2021-06-14","취업후상환학자금_등록금","0","0"
"2021-06-14","취업후상환학자금_생활비","0","0"
"2021-06-15","일반상환학자금_등록금","0","0"
"2021-06-15","일반상환학자금_생활비","0","0"
"2021-06-15","취업후상환학자금_등록금","0","0"
"2021-06-15","취업후상환학자금_생활비","0","0"
"2021-06-16","일반상환학자금_등록금","0","0"
"2021-06-16","일반상환학자금_생활비","0","0"
"2021-06-16","취업후상환학자금_등록금","0","0"
"2021-06-16","취업후상환학자금_생활비","0","0"
"2021-06-17","일반상환학자금_등록금","0","0"
"2021-06-17","일반상환학자금_생활비","0","0"
"2021-06-17","취업후상환학자금_등록금","0","0"
"2021-06-17","취업후상환학자금_생활비","0","0"
"2021-06-18","일반상환학자금_등록금","0","0"
"2021-06-18","일반상환학자금_생활비","0","0"
"2021-06-18","취업후상환학자금_등록금","0","0"
"2021-06-18","취업후상환학자금_생활비","0","0"
"2021-06-19","일반상환학자금_등록금","0","0"
"2021-06-19","일반상환학자금_생활비","0","0"
"2021-06-19","취업후상환학자금_등록금","0","0"
"2021-06-19","취업후상환학자금_생활비","0","0"
"2021-06-20","일반상환학자금_등록금","0","0"
"2021-06-20","일반상환학자금_생활비","0","0"
"2021-06-20","취업후상환학자금_등록금","0","0"
"2021-06-20","취업후상환학자금_생활비","0","0"
"2021-06-21","일반상환학자금_등록금","0","0"
"2021-06-21","일반상환학자금_생활비","0","0"
"2021-06-21","취업후상환학자금_등록금","0","0"
"2021-06-21","취업후상환학자금_생활비","0","0"
"2021-06-22","일반상환학자금_등록금","0","0"
"2021-06-22","일반상환학자금_생활비","0","0"
"2021-06-22","취업후상환학자금_등록금","0","0"
"2021-06-22","취업후상환학자금_생활비","0","0"
"2021-06-23","일반상환학자금_등록금","0","0"
"2021-06-23","일반상환학자금_생활비","0","0"
"2021-06-23","취업후상환학자금_등록금","0","0"
"2021-06-23","취업후상환학자금_생활비","0","0"
"2021-06-24","일반상환학자금_등록금","0","0"
"2021-06-24","일반상환학자금_생활비","0","0"
"2021-06-24","취업후상환학자금_등록금","0","0"
"2021-06-24","취업후상환학자금_생활비","0","0"
"2021-06-25","일반상환학자금_등록금","0","0"
"2021-06-25","일반상환학자금_생활비","0","0"
"2021-06-25","취업후상환학자금_등록금","0","0"
"2021-06-25","취업후상환학자금_생활비","0","0"
"2021-06-26","일반상환학자금_등록금","0","0"
"2021-06-26","일반상환학자금_생활비","0","0"
"2021-06-26","취업후상환학자금_등록금","0","0"
"2021-06-26","취업후상환학자금_생활비","0","0"
"2021-06-27","일반상환학자금_등록금","0","0"
"2021-06-27","일반상환학자금_생활비","0","0"
"2021-06-27","취업후상환학자금_등록금","0","0"
"2021-06-27","취업후상환학자금_생활비","0","0"
"2021-06-28","일반상환학자금_등록금","0","0"
"2021-06-28","일반상환학자금_생활비","0","0"
"2021-06-28","취업후상환학자금_등록금","0","0"
"2021-06-28","취업후상환학자금_생활비","0","0"
"2021-06-29","일반상환학자금_등록금","0","0"
"2021-06-29","일반상환학자금_생활비","0","0"
"2021-06-29","취업후상환학자금_등록금","0","0"
"2021-06-29","취업후상환학자금_생활비","0","0"
"2021-06-30","일반상환학자금_등록금","0","0"
"2021-06-30","일반상환학자금_생활비","0","0"
"2021-06-30","취업후상환학자금_등록금","0","0"
"2021-06-30","취업후상환학자금_생활비","0","0"
"2021-07-01","일반상환학자금_등록금","0","0"
"2021-07-01","일반상환학자금_생활비","0","0"
"2021-07-01","취업후상환학자금_등록금","0","0"
"2021-07-01","취업후상환학자금_생활비","0","0"
"2021-07-02","일반상환학자금_등록금","0","0"
"2021-07-02","일반상환학자금_생활비","0","0"
"2021-07-02","취업후상환학자금_등록금","0","0"
"2021-07-02","취업후상환학자금_생활비","0","0"
"2021-07-03","일반상환학자금_등록금","0","0"
"2021-07-03","일반상환학자금_생활비","0","0"
"2021-07-03","취업후상환학자금_등록금","0","0"
"2021-07-03","취업후상환학자금_생활비","0","0"
"2021-07-04","일반상환학자금_등록금","0","0"
"2021-07-04","일반상환학자금_생활비","0","0"
"2021-07-04","취업후상환학자금_등록금","0","0"
"2021-07-04","취업후상환학자금_생활비","0","0"
"2021-07-05","일반상환학자금_등록금","0","0"
"2021-07-05","일반상환학자금_생활비","0","0"
"2021-07-05","취업후상환학자금_등록금","0","0"
"2021-07-05","취업후상환학자금_생활비","0","0"
"2021-07-06","일반상환학자금_등록금","0","0"
"2021-07-06","일반상환학자금_생활비","0","0"
"2021-07-06","취업후상환학자금_등록금","0","0"
"2021-07-06","취업후상환학자금_생활비","0","0"
"2021-07-07","일반상환학자금_등록금","0","0"
"2021-07-07","일반상환학자금_생활비","0","0"
"2021-07-07","취업후상환학자금_등록금","0","0"
"2021-07-07","취업후상환학자금_생활비","0","0"
"2021-07-08","일반상환학자금_등록금","541","33"
"2021-07-08","일반상환학자금_생활비","204","3"
"2021-07-08","취업후상환학자금_등록금","0","0"
"2021-07-08","취업후상환학자금_생활비","282","1"
"2021-07-09","일반상환학자금_등록금","291","18"
"2021-07-09","일반상환학자금_생활비","121","2"
"2021-07-09","취업후상환학자금_등록금","1","0"
"2021-07-09","취업후상환학자금_생활비","533","3"
"2021-07-10","일반상환학자금_등록금","275","18"
"2021-07-10","일반상환학자금_생활비","144","2"
"2021-07-10","취업후상환학자금_등록금","1","0"
"2021-07-10","취업후상환학자금_생활비","357","2"
"2021-07-11","일반상환학자금_등록금","0","0"
"2021-07-11","일반상환학자금_생활비","0","0"
"2021-07-11","취업후상환학자금_등록금","0","0"
"2021-07-11","취업후상환학자금_생활비","0","0"
"2021-07-12","일반상환학자금_등록금","0","0"
"2021-07-12","일반상환학자금_생활비","0","0"
"2021-07-12","취업후상환학자금_등록금","0","0"
"2021-07-12","취업후상환학자금_생활비","0","0"
"2021-07-13","일반상환학자금_등록금","406","25"
"2021-07-13","일반상환학자금_생활비","224","2"
"2021-07-13","취업후상환학자금_등록금","2","0"
"2021-07-13","취업후상환학자금_생활비","706","3"
"2021-07-14","일반상환학자금_등록금","286","15"
"2021-07-14","일반상환학자금_생활비","124","1"
"2021-07-14","취업후상환학자금_등록금","1","0"
"2021-07-14","취업후상환학자금_생활비","494","2"
"2021-07-15","일반상환학자금_등록금","347","18"
"2021-07-15","일반상환학자금_생활비","205","2"
"2021-07-15","취업후상환학자금_등록금","2","0"
"2021-07-15","취업후상환학자금_생활비","717","4"
"2021-07-16","일반상환학자금_등록금","179","9"
"2021-07-16","일반상환학자금_생활비","149","2"
"2021-07-16","취업후상환학자금_등록금","5","0"
"2021-07-16","취업후상환학자금_생활비","665","3"
"2021-07-17","일반상환학자금_등록금","77","4"
"2021-07-17","일반상환학자금_생활비","98","1"
"2021-07-17","취업후상환학자금_등록금","4","0"
"2021-07-17","취업후상환학자금_생활비","596","3"
"2021-07-18","일반상환학자금_등록금","0","0"
"2021-07-18","일반상환학자금_생활비","0","0"
"2021-07-18","취업후상환학자금_등록금","0","0"
"2021-07-18","취업후상환학자금_생활비","0","0"
"2021-07-19","일반상환학자금_등록금","0","0"
"2021-07-19","일반상환학자금_생활비","0","0"
"2021-07-19","취업후상환학자금_등록금","0","0"
"2021-07-19","취업후상환학자금_생활비","0","0"
"2021-07-20","일반상환학자금_등록금","114","5"
"2021-07-20","일반상환학자금_생활비","132","1"
"2021-07-20","취업후상환학자금_등록금","3","0"
"2021-07-20","취업후상환학자금_생활비","841","4"
"2021-07-21","일반상환학자금_등록금","218","8"
"2021-07-21","일반상환학자금_생활비","223","2"
"2021-07-21","취업후상환학자금_등록금","12","0"
"2021-07-21","취업후상환학자금_생활비","1396","7"
"2021-07-22","일반상환학자금_등록금","268","14"
"2021-07-22","일반상환학자금_생활비","343","3"
"2021-07-22","취업후상환학자금_등록금","8","0"
"2021-07-22","취업후상환학자금_생활비","1809","9"
"2021-07-23","일반상환학자금_등록금","185","10"
"2021-07-23","일반상환학자금_생활비","423","3"
"2021-07-23","취업후상환학자금_등록금","5","0"
"2021-07-23","취업후상환학자금_생활비","2138","10"
"2021-07-24","일반상환학자금_등록금","84","4"
"2021-07-24","일반상환학자금_생활비","306","2"
"2021-07-24","취업후상환학자금_등록금","5","0"
"2021-07-24","취업후상환학자금_생활비","2087","10"
"2021-07-25","일반상환학자금_등록금","0","0"
"2021-07-25","일반상환학자금_생활비","0","0"
"2021-07-25","취업후상환학자금_등록금","0","0"
"2021-07-25","취업후상환학자금_생활비","0","0"
"2021-07-26","일반상환학자금_등록금","0","0"
"2021-07-26","일반상환학자금_생활비","0","0"
"2021-07-26","취업후상환학자금_등록금","0","0"
"2021-07-26","취업후상환학자금_생활비","0","0"
"2021-07-27","일반상환학자금_등록금","124","7"
"2021-07-27","일반상환학자금_생활비","471","3"
"2021-07-27","취업후상환학자금_등록금","11","0"
"2021-07-27","취업후상환학자금_생활비","3095","15"
"2021-07-28","일반상환학자금_등록금","108","5"
"2021-07-28","일반상환학자금_생활비","329","2"
"2021-07-28","취업후상환학자금_등록금","5","0"
"2021-07-28","취업후상환학자금_생활비","3058","15"
"2021-07-29","일반상환학자금_등록금","107","5"
"2021-07-29","일반상환학자금_생활비","327","2"
"2021-07-29","취업후상환학자금_등록금","7","0"
"2021-07-29","취업후상환학자금_생활비","2396","11"
"2021-07-30","일반상환학자금_등록금","77","3"
"2021-07-30","일반상환학자금_생활비","472","3"
"2021-07-30","취업후상환학자금_등록금","6","0"
"2021-07-30","취업후상환학자금_생활비","3031","14"
"2021-07-31","일반상환학자금_등록금","43","2"
"2021-07-31","일반상환학자금_생활비","529","3"
"2021-07-31","취업후상환학자금_등록금","2","0"
"2021-07-31","취업후상환학자금_생활비","2933","14"
"2021-08-01","일반상환학자금_등록금","0","0"
"2021-08-01","일반상환학자금_생활비","0","0"
"2021-08-01","취업후상환학자금_등록금","0","0"
"2021-08-01","취업후상환학자금_생활비","0","0"
"2021-08-02","일반상환학자금_등록금","0","0"
"2021-08-02","일반상환학자금_생활비","0","0"
"2021-08-02","취업후상환학자금_등록금","0","0"
"2021-08-02","취업후상환학자금_생활비","0","0"
"2021-08-03","일반상환학자금_등록금","564","16"
"2021-08-03","일반상환학자금_생활비","844","7"
"2021-08-03","취업후상환학자금_등록금","236","1"
"2021-08-03","취업후상환학자금_생활비","3444","18"
"2021-08-04","일반상환학자금_등록금","437","14"
"2021-08-04","일반상환학자금_생활비","606","5"
"2021-08-04","취업후상환학자금_등록금","103","1"
"2021-08-04","취업후상환학자금_생활비","2919","15"
"2021-08-05","일반상환학자금_등록금","337","10"
"2021-08-05","일반상환학자금_생활비","571","5"
"2021-08-05","취업후상환학자금_등록금","61","0"
"2021-08-05","취업후상환학자금_생활비","2645","13"
"2021-08-06","일반상환학자금_등록금","245","6"
"2021-08-06","일반상환학자금_생활비","595","4"
"2021-08-06","취업후상환학자금_등록금","45","0"
"2021-08-06","취업후상환학자금_생활비","2728","13"
"2021-08-07","일반상환학자금_등록금","124","5"
"2021-08-07","일반상환학자금_생활비","553","4"
"2021-08-07","취업후상환학자금_등록금","18","0"
"2021-08-07","취업후상환학자금_생활비","2336","12"
"2021-08-08","일반상환학자금_등록금","0","0"
"2021-08-08","일반상환학자금_생활비","0","0"
"2021-08-08","취업후상환학자금_등록금","0","0"
"2021-08-08","취업후상환학자금_생활비","0","0"
"2021-08-09","일반상환학자금_등록금","0","0"
"2021-08-09","일반상환학자금_생활비","0","0"
"2021-08-09","취업후상환학자금_등록금","0","0"
"2021-08-09","취업후상환학자금_생활비","0","0"
"2021-08-10","일반상환학자금_등록금","243","8"
"2021-08-10","일반상환학자금_생활비","735","6"
"2021-08-10","취업후상환학자금_등록금","59","1"
"2021-08-10","취업후상환학자금_생활비","2980","15"
"2021-08-11","일반상환학자금_등록금","207","8"
"2021-08-11","일반상환학자금_생활비","649","5"
"2021-08-11","취업후상환학자금_등록금","42","1"
"2021-08-11","취업후상환학자금_생활비","2322","12"
"2021-08-12","일반상환학자금_등록금","250","8"
"2021-08-12","일반상환학자금_생활비","674","5"
"2021-08-12","취업후상환학자금_등록금","229","3"
"2021-08-12","취업후상환학자금_생활비","2545","14"
"2021-08-13","일반상환학자금_등록금","338","9"
"2021-08-13","일반상환학자금_생활비","698","5"
"2021-08-13","취업후상환학자금_등록금","582","12"
"2021-08-13","취업후상환학자금_생활비","2467","15"
"2021-08-14","일반상환학자금_등록금","285","8"
"2021-08-14","일반상환학자금_생활비","787","6"
"2021-08-14","취업후상환학자금_등록금","550","10"
"2021-08-14","취업후상환학자금_생활비","2372","14"
"2021-08-15","일반상환학자금_등록금","0","0"
"2021-08-15","일반상환학자금_생활비","0","0"
"2021-08-15","취업후상환학자금_등록금","0","0"
"2021-08-15","취업후상환학자금_생활비","0","0"
"2021-08-16","일반상환학자금_등록금","0","0"
"2021-08-16","일반상환학자금_생활비","0","0"
"2021-08-16","취업후상환학자금_등록금","0","0"
"2021-08-16","취업후상환학자금_생활비","0","0"
"2021-08-17","일반상환학자금_등록금","0","0"
"2021-08-17","일반상환학자금_생활비","0","0"
"2021-08-17","취업후상환학자금_등록금","0","0"
"2021-08-17","취업후상환학자금_생활비","0","0"
"2021-08-18","일반상환학자금_등록금","1789","55"
"2021-08-18","일반상환학자금_생활비","2248","20"
"2021-08-18","취업후상환학자금_등록금","3479","63"
"2021-08-18","취업후상환학자금_생활비","5095","39"
"2021-08-19","일반상환학자금_등록금","1815","61"
"2021-08-19","일반상환학자금_생활비","1765","17"
"2021-08-19","취업후상환학자금_등록금","2472","49"
"2021-08-19","취업후상환학자금_생활비","3815","31"
"2021-08-20","일반상환학자금_등록금","1586","52"
"2021-08-20","일반상환학자금_생활비","1728","16"
"2021-08-20","취업후상환학자금_등록금","1696","32"
"2021-08-20","취업후상환학자금_생활비","3121","25"
"2021-08-21","일반상환학자금_등록금","3835","164"
"2021-08-21","일반상환학자금_생활비","2998","31"
"2021-08-21","취업후상환학자금_등록금","3416","69"
"2021-08-21","취업후상환학자금_생활비","4773","41"
"2021-08-22","일반상환학자금_등록금","0","0"
"2021-08-22","일반상환학자금_생활비","0","0"
"2021-08-22","취업후상환학자금_등록금","0","0"
"2021-08-22","취업후상환학자금_생활비","0","0"
"2021-08-23","일반상환학자금_등록금","0","0"
"2021-08-23","일반상환학자금_생활비","0","0"
"2021-08-23","취업후상환학자금_등록금","0","0"
"2021-08-23","취업후상환학자금_생활비","0","0"
"2021-08-24","일반상환학자금_등록금","15772","607"
"2021-08-24","일반상환학자금_생활비","8126","101"
"2021-08-24","취업후상환학자금_등록금","25141","483"
"2021-08-24","취업후상환학자금_생활비","17627","184"
"2021-08-25","일반상환학자금_등록금","11866","444"
"2021-08-25","일반상환학자금_생활비","5931","75"
"2021-08-25","취업후상환학자금_등록금","13416","266"
"2021-08-25","취업후상환학자금_생활비","13082","135"
"2021-08-26","일반상환학자금_등록금","9496","354"
"2021-08-26","일반상환학자금_생활비","4571","56"
"2021-08-26","취업후상환학자금_등록금","9659","196"
"2021-08-26","취업후상환학자금_생활비","9413","96"
"2021-08-27","일반상환학자금_등록금","7678","297"
"2021-08-27","일반상환학자금_생활비","3503","43"
"2021-08-27","취업후상환학자금_등록금","6946","145"
"2021-08-27","취업후상환학자금_생활비","7164","72"
"2021-08-28","일반상환학자금_등록금","5822","227"
"2021-08-28","일반상환학자금_생활비","2869","33"
"2021-08-28","취업후상환학자금_등록금","5098","112"
"2021-08-28","취업후상환학자금_생활비","6275","61"
"2021-08-29","일반상환학자금_등록금","0","0"
"2021-08-29","일반상환학자금_생활비","0","0"
"2021-08-29","취업후상환학자금_등록금","0","0"
"2021-08-29","취업후상환학자금_생활비","0","0"
"2021-08-30","일반상환학자금_등록금","0","0"
"2021-08-30","일반상환학자금_생활비","0","0"
"2021-08-30","취업후상환학자금_등록금","0","0"
"2021-08-30","취업후상환학자금_생활비","0","0"
"2021-08-31","일반상환학자금_등록금","1740","66"
"2021-08-31","일반상환학자금_생활비","2312","25"
"2021-08-31","취업후상환학자금_등록금","2332","50"
"2021-08-31","취업후상환학자금_생활비","7971","73"
"2021-09-01","일반상환학자금_등록금","1022","36"
"2021-09-01","일반상환학자금_생활비","1603","17"
"2021-09-01","취업후상환학자금_등록금","1379","29"
"2021-09-01","취업후상환학자금_생활비","5368","50"
"2021-09-02","일반상환학자금_등록금","1218","44"
"2021-09-02","일반상환학자금_생활비","1571","17"
"2021-09-02","취업후상환학자금_등록금","1332","30"
"2021-09-02","취업후상환학자금_생활비","4987","44"
"2021-09-03","일반상환학자금_등록금","1157","43"
"2021-09-03","일반상환학자금_생활비","1172","12"
"2021-09-03","취업후상환학자금_등록금","1041","24"
"2021-09-03","취업후상환학자금_생활비","3631","31"
"2021-09-04","일반상환학자금_등록금","1142","43"
"2021-09-04","일반상환학자금_생활비","1255","13"
"2021-09-04","취업후상환학자금_등록금","907","21"
"2021-09-04","취업후상환학자금_생활비","3729","29"
"2021-09-05","일반상환학자금_등록금","0","0"
"2021-09-05","일반상환학자금_생활비","0","0"
"2021-09-05","취업후상환학자금_등록금","0","0"
"2021-09-05","취업후상환학자금_생활비","0","0"
"2021-09-06","일반상환학자금_등록금","0","0"
"2021-09-06","일반상환학자금_생활비","0","0"
"2021-09-06","취업후상환학자금_등록금","0","0"
"2021-09-06","취업후상환학자금_생활비","0","0"
"2021-09-07","일반상환학자금_등록금","944","37"
"2021-09-07","일반상환학자금_생활비","1340","13"
"2021-09-07","취업후상환학자금_등록금","850","19"
"2021-09-07","취업후상환학자금_생활비","4566","35"
"2021-09-08","일반상환학자금_등록금","719","27"
"2021-09-08","일반상환학자금_생활비","992","10"
"2021-09-08","취업후상환학자금_등록금","891","22"
"2021-09-08","취업후상환학자금_생활비","3377","27"
"2021-09-09","일반상환학자금_등록금","809","27"
"2021-09-09","일반상환학자금_생활비","1130","12"
"2021-09-09","취업후상환학자금_등록금","917","22"
"2021-09-09","취업후상환학자금_생활비","2972","24"
"2021-09-10","일반상환학자금_등록금","1354","46"
"2021-09-10","일반상환학자금_생활비","1155","12"
"2021-09-10","취업후상환학자금_등록금","1265","29"
"2021-09-10","취업후상환학자금_생활비","2790","22"
"2021-09-11","일반상환학자금_등록금","863","29"
"2021-09-11","일반상환학자금_생활비","1010","10"
"2021-09-11","취업후상환학자금_등록금","755","17"
"2021-09-11","취업후상환학자금_생활비","2716","21"
"2021-09-12","일반상환학자금_등록금","0","0"
"2021-09-12","일반상환학자금_생활비","0","0"
"2021-09-12","취업후상환학자금_등록금","0","0"
"2021-09-12","취업후상환학자금_생활비","0","0"
"2021-09-13","일반상환학자금_등록금","0","0"
"2021-09-13","일반상환학자금_생활비","0","0"
"2021-09-13","취업후상환학자금_등록금","0","0"
"2021-09-13","취업후상환학자금_생활비","0","0"
"2021-09-14","일반상환학자금_등록금","1273","44"
"2021-09-14","일반상환학자금_생활비","1336","13"
"2021-09-14","취업후상환학자금_등록금","1149","27"
"2021-09-14","취업후상환학자금_생활비","3244","25"
"2021-09-15","일반상환학자금_등록금","1087","41"
"2021-09-15","일반상환학자금_생활비","1050","11"
"2021-09-15","취업후상환학자금_등록금","1027","25"
"2021-09-15","취업후상환학자금_생활비","2719","22"
"2021-09-16","일반상환학자금_등록금","710","26"
"2021-09-16","일반상환학자금_생활비","849","9"
"2021-09-16","취업후상환학자금_등록금","727","18"
"2021-09-16","취업후상환학자금_생활비","2271","18"
"2021-09-17","일반상환학자금_등록금","621","22"
"2021-09-17","일반상환학자금_생활비","805","8"
"2021-09-17","취업후상환학자금_등록금","589","14"
"2021-09-17","취업후상환학자금_생활비","1972","15"
"2021-09-18","일반상환학자금_등록금","330","12"
"2021-09-18","일반상환학자금_생활비","724","7"
"2021-09-18","취업후상환학자금_등록금","314","8"
"2021-09-18","취업후상환학자금_생활비","2054","14"
"2021-09-19","일반상환학자금_등록금","0","0"
"2021-09-19","일반상환학자금_생활비","0","0"
"2021-09-19","취업후상환학자금_등록금","0","0"
"2021-09-19","취업후상환학자금_생활비","0","0"
"2021-09-20","일반상환학자금_등록금","0","0"
"2021-09-20","일반상환학자금_생활비","0","0"
"2021-09-20","취업후상환학자금_등록금","0","0"
"2021-09-20","취업후상환학자금_생활비","0","0"
"2021-09-21","일반상환학자금_등록금","0","0"
"2021-09-21","일반상환학자금_생활비","0","0"
"2021-09-21","취업후상환학자금_등록금","0","0"
"2021-09-21","취업후상환학자금_생활비","0","0"
"2021-09-22","일반상환학자금_등록금","0","0"
"2021-09-22","일반상환학자금_생활비","0","0"
"2021-09-22","취업후상환학자금_등록금","0","0"
"2021-09-22","취업후상환학자금_생활비","0","0"
"2021-09-23","일반상환학자금_등록금","0","0"
"2021-09-23","일반상환학자금_생활비","0","0"
"2021-09-23","취업후상환학자금_등록금","0","0"
"2021-09-23","취업후상환학자금_생활비","0","0"
"2021-09-24","일반상환학자금_등록금","376","12"
"2021-09-24","일반상환학자금_생활비","804","8"
"2021-09-24","취업후상환학자금_등록금","490","12"
"2021-09-24","취업후상환학자금_생활비","2917","22"
"2021-09-25","일반상환학자금_등록금","352","12"
"2021-09-25","일반상환학자금_생활비","795","8"
"2021-09-25","취업후상환학자금_등록금","419","10"
"2021-09-25","취업후상환학자금_생활비","2340","17"
"2021-09-26","일반상환학자금_등록금","0","0"
"2021-09-26","일반상환학자금_생활비","0","0"
"2021-09-26","취업후상환학자금_등록금","0","0"
"2021-09-26","취업후상환학자금_생활비","0","0"
"2021-09-27","일반상환학자금_등록금","0","0"
"2021-09-27","일반상환학자금_생활비","0","0"
"2021-09-27","취업후상환학자금_등록금","0","0"
"2021-09-27","취업후상환학자금_생활비","0","0"
"2021-09-28","일반상환학자금_등록금","402","13"
"2021-09-28","일반상환학자금_생활비","845","8"
"2021-09-28","취업후상환학자금_등록금","507","11"
"2021-09-28","취업후상환학자금_생활비","2802","20"
"2021-09-29","일반상환학자금_등록금","400","12"
"2021-09-29","일반상환학자금_생활비","724","7"
"2021-09-29","취업후상환학자금_등록금","583","13"
"2021-09-29","취업후상환학자금_생활비","2091","16"
"2021-09-30","일반상환학자금_등록금","252","8"
"2021-09-30","일반상환학자금_생활비","539","5"
"2021-09-30","취업후상환학자금_등록금","469","13"
"2021-09-30","취업후상환학자금_생활비","1907","15"
"2021-10-01","일반상환학자금_등록금","165","5"
"2021-10-01","일반상환학자금_생활비","494","5"
"2021-10-01","취업후상환학자금_등록금","222","6"
"2021-10-01","취업후상환학자금_생활비","1805","13"
"2021-10-02","일반상환학자금_등록금","68","2"
"2021-10-02","일반상환학자금_생활비","551","5"
"2021-10-02","취업후상환학자금_등록금","103","3"
"2021-10-02","취업후상환학자금_생활비","1931","12"
"2021-10-03","일반상환학자금_등록금","0","0"
"2021-10-03","일반상환학자금_생활비","0","0"
"2021-10-03","취업후상환학자금_등록금","0","0"
"2021-10-03","취업후상환학자금_생활비","0","0"
"2021-10-04","일반상환학자금_등록금","0","0"
"2021-10-04","일반상환학자금_생활비","0","0"
"2021-10-04","취업후상환학자금_등록금","0","0"
"2021-10-04","취업후상환학자금_생활비","0","0"
"2021-10-05","일반상환학자금_등록금","0","0"
"2021-10-05","일반상환학자금_생활비","0","0"
"2021-10-05","취업후상환학자금_등록금","0","0"
"2021-10-05","취업후상환학자금_생활비","0","0"
"2021-10-06","일반상환학자금_등록금","97","3"
"2021-10-06","일반상환학자금_생활비","715","7"
"2021-10-06","취업후상환학자금_등록금","148","4"
"2021-10-06","취업후상환학자금_생활비","2760","18"
"2021-10-07","일반상환학자금_등록금","106","3"
"2021-10-07","일반상환학자금_생활비","495","5"
"2021-10-07","취업후상환학자금_등록금","218","6"
"2021-10-07","취업후상환학자금_생활비","1907","14"
"2021-10-08","일반상환학자금_등록금","63","2"
"2021-10-08","일반상환학자금_생활비","429","4"
"2021-10-08","취업후상환학자금_등록금","185","5"
"2021-10-08","취업후상환학자금_생활비","1628","11"
"2021-10-09","일반상환학자금_등록금","51","2"
"2021-10-09","일반상환학자금_생활비","446","4"
"2021-10-09","취업후상환학자금_등록금","99","2"
"2021-10-09","취업후상환학자금_생활비","1690","11"
"2021-10-10","일반상환학자금_등록금","0","0"
"2021-10-10","일반상환학자금_생활비","0","0"
"2021-10-10","취업후상환학자금_등록금","0","0"
"2021-10-10","취업후상환학자금_생활비","0","0"
"2021-10-11","일반상환학자금_등록금","0","0"
"2021-10-11","일반상환학자금_생활비","0","0"
"2021-10-11","취업후상환학자금_등록금","0","0"
"2021-10-11","취업후상환학자금_생활비","0","0"
"2021-10-12","일반상환학자금_등록금","0","0"
"2021-10-12","일반상환학자금_생활비","0","0"
"2021-10-12","취업후상환학자금_등록금","0","0"
"2021-10-12","취업후상환학자금_생활비","0","0"
"2021-10-13","일반상환학자금_등록금","103","3"
"2021-10-13","일반상환학자금_생활비","675","6"
"2021-10-13","취업후상환학자금_등록금","165","3"
"2021-10-13","취업후상환학자금_생활비","2496","17"
"2021-10-14","일반상환학자금_등록금","96","3"
"2021-10-14","일반상환학자금_생활비","486","4"
"2021-10-14","취업후상환학자금_등록금","98","2"
"2021-10-14","취업후상환학자금_생활비","1677","11"
"2021-10-15","일반상환학자금_등록금","117","3"
"2021-10-15","일반상환학자금_생활비","492","4"
"2021-10-15","취업후상환학자금_등록금","217","6"
"2021-10-15","취업후상환학자금_생활비","1502","10"
"2021-10-16","일반상환학자금_등록금","16","0"
"2021-10-16","일반상환학자금_생활비","1022","12"
"2021-10-16","취업후상환학자금_등록금","95","3"
"2021-10-16","취업후상환학자금_생활비","1768","13"
"2021-10-17","일반상환학자금_등록금","0","0"
"2021-10-17","일반상환학자금_생활비","0","0"
"2021-10-17","취업후상환학자금_등록금","0","0"
"2021-10-17","취업후상환학자금_생활비","0","0"
"2021-10-18","일반상환학자금_등록금","0","0"
"2021-10-18","일반상환학자금_생활비","0","0"
"2021-10-18","취업후상환학자금_등록금","0","0"
"2021-10-18","취업후상환학자금_생활비","0","0"
"2021-10-19","일반상환학자금_등록금","6","0"
"2021-10-19","일반상환학자금_생활비","613","6"
"2021-10-19","취업후상환학자금_등록금","71","2"
"2021-10-19","취업후상환학자금_생활비","2209","16"
"2021-10-20","일반상환학자금_등록금","11","0"
"2021-10-20","일반상환학자금_생활비","489","5"
"2021-10-20","취업후상환학자금_등록금","214","7"
"2021-10-20","취업후상환학자금_생활비","1579","11"
"2021-10-21","일반상환학자금_등록금","6","0"
"2021-10-21","일반상환학자금_생활비","396","3"
"2021-10-21","취업후상환학자금_등록금","134","4"
"2021-10-21","취업후상환학자금_생활비","1346","10"
"2021-10-22","일반상환학자금_등록금","9","0"
"2021-10-22","일반상환학자금_생활비","378","3"
"2021-10-22","취업후상환학자금_등록금","107","3"
"2021-10-22","취업후상환학자금_생활비","1266","9"
"2021-10-23","일반상환학자금_등록금","1","0"
"2021-10-23","일반상환학자금_생활비","435","4"
"2021-10-23","취업후상환학자금_등록금","76","2"
"2021-10-23","취업후상환학자금_생활비","1589","10"
"2021-10-24","일반상환학자금_등록금","0","0"
"2021-10-24","일반상환학자금_생활비","0","0"
"2021-10-24","취업후상환학자금_등록금","0","0"
"2021-10-24","취업후상환학자금_생활비","0","0"
"2021-10-25","일반상환학자금_등록금","0","0"
"2021-10-25","일반상환학자금_생활비","0","0"
"2021-10-25","취업후상환학자금_등록금","0","0"
"2021-10-25","취업후상환학자금_생활비","0","0"
"2021-10-26","일반상환학자금_등록금","4","0"
"2021-10-26","일반상환학자금_생활비","571","5"
"2021-10-26","취업후상환학자금_등록금","63","2"
"2021-10-26","취업후상환학자금_생활비","2102","13"
"2021-10-27","일반상환학자금_등록금","2","0"
"2021-10-27","일반상환학자금_생활비","501","5"
"2021-10-27","취업후상환학자금_등록금","54","2"
"2021-10-27","취업후상환학자금_생활비","1705","12"
"2021-10-28","일반상환학자금_등록금","7","0"
"2021-10-28","일반상환학자금_생활비","396","4"
"2021-10-28","취업후상환학자금_등록금","40","1"
"2021-10-28","취업후상환학자금_생활비","1411","9"
"2021-10-29","일반상환학자금_등록금","9","0"
"2021-10-29","일반상환학자금_생활비","380","3"
"2021-10-29","취업후상환학자금_등록금","65","2"
"2021-10-29","취업후상환학자금_생활비","1341","8"
"2021-10-30","일반상환학자금_등록금","0","0"
"2021-10-30","일반상환학자금_생활비","374","3"
"2021-10-30","취업후상환학자금_등록금","178","5"
"2021-10-30","취업후상환학자금_생활비","1652","10"
"2021-10-31","일반상환학자금_등록금","0","0"
"2021-10-31","일반상환학자금_생활비","0","0"
"2021-10-31","취업후상환학자금_등록금","0","0"
"2021-10-31","취업후상환학자금_생활비","0","0"
"2021-11-01","일반상환학자금_등록금","0","0"
"2021-11-01","일반상환학자금_생활비","0","0"
"2021-11-01","취업후상환학자금_등록금","0","0"
"2021-11-01","취업후상환학자금_생활비","0","0"
"2021-11-02","일반상환학자금_등록금","23","0"
"2021-11-02","일반상환학자금_생활비","527","5"
"2021-11-02","취업후상환학자금_등록금","48","1"
"2021-11-02","취업후상환학자금_생활비","1928","12"
"2021-11-03","일반상환학자금_등록금","9","0"
"2021-11-03","일반상환학자금_생활비","382","4"
"2021-11-03","취업후상환학자금_등록금","26","1"
"2021-11-03","취업후상환학자금_생활비","1723","13"
"2021-11-04","일반상환학자금_등록금","23","0"
"2021-11-04","일반상환학자금_생활비","652","7"
"2021-11-04","취업후상환학자금_등록금","50","1"
"2021-11-04","취업후상환학자금_생활비","1400","10"
"2021-11-05","일반상환학자금_등록금","10","0"
"2021-11-05","일반상환학자금_생활비","398","4"
"2021-11-05","취업후상환학자금_등록금","123","3"
"2021-11-05","취업후상환학자금_생활비","1392","10"
"2021-11-06","일반상환학자금_등록금","10","0"
"2021-11-06","일반상환학자금_생활비","382","3"
"2021-11-06","취업후상환학자금_등록금","39","1"
"2021-11-06","취업후상환학자금_생활비","1398","8"
"2021-11-07","일반상환학자금_등록금","0","0"
"2021-11-07","일반상환학자금_생활비","0","0"
"2021-11-07","취업후상환학자금_등록금","0","0"
"2021-11-07","취업후상환학자금_생활비","0","0"
"2021-11-08","일반상환학자금_등록금","0","0"
"2021-11-08","일반상환학자금_생활비","0","0"
"2021-11-08","취업후상환학자금_등록금","0","0"
"2021-11-08","취업후상환학자금_생활비","0","0"
"2021-11-09","일반상환학자금_등록금","5","0"
"2021-11-09","일반상환학자금_생활비","495","4"
"2021-11-09","취업후상환학자금_등록금","29","1"
"2021-11-09","취업후상환학자금_생활비","1711","11"
"2021-11-10","일반상환학자금_등록금","0","0"
"2021-11-10","일반상환학자금_생활비","430","4"
"2021-11-10","취업후상환학자금_등록금","45","1"
"2021-11-10","취업후상환학자금_생활비","1515","12"
"2021-11-11","일반상환학자금_등록금","8","0"
"2021-11-11","일반상환학자금_생활비","554","6"
"2021-11-11","취업후상환학자금_등록금","29","1"
"2021-11-11","취업후상환학자금_생활비","1256","9"
"2021-11-12","일반상환학자금_등록금","12","0"
"2021-11-12","일반상환학자금_생활비","426","4"
"2021-11-12","취업후상환학자금_등록금","24","1"
"2021-11-12","취업후상환학자금_생활비","1274","9"
"2021-11-13","일반상환학자금_등록금","6","0"
"2021-11-13","일반상환학자금_생활비","494","5"
"2021-11-13","취업후상환학자금_등록금","42","1"
"2021-11-13","취업후상환학자금_생활비","1564","11"
"2021-11-14","일반상환학자금_등록금","0","0"
"2021-11-14","일반상환학자금_생활비","0","0"
"2021-11-14","취업후상환학자금_등록금","0","0"
"2021-11-14","취업후상환학자금_생활비","0","0"
"2021-11-15","일반상환학자금_등록금","0","0"
"2021-11-15","일반상환학자금_생활비","0","0"
"2021-11-15","취업후상환학자금_등록금","0","0"
"2021-11-15","취업후상환학자금_생활비","0","0"
"2021-11-16","일반상환학자금_등록금","11","0"
"2021-11-16","일반상환학자금_생활비","585","6"
"2021-11-16","취업후상환학자금_등록금","83","2"
"2021-11-16","취업후상환학자금_생활비","1991","16"
"2021-11-17","일반상환학자금_등록금","11","0"
"2021-11-17","일반상환학자금_생활비","535","6"
"2021-11-17","취업후상환학자금_등록금","156","3"
"2021-11-17","취업후상환학자금_생활비","1915","18"
"2021-11-18","일반상환학자금_등록금","22","0"
"2021-11-18","일반상환학자금_생활비","721","8"
"2021-11-18","취업후상환학자금_등록금","106","2"
"2021-11-18","취업후상환학자금_생활비","1701","15"
"2021-11-19","일반상환학자금_등록금","15","0"
"2021-11-19","일반상환학자금_생활비","613","7"
"2021-11-19","취업후상환학자금_등록금","73","2"
"2021-11-19","취업후상환학자금_생활비","2051","18"
"2021-11-20","일반상환학자금_등록금","4","0"
"2021-11-20","일반상환학자금_생활비","644","7"
"2021-11-20","취업후상환학자금_등록금","227","5"
"2021-11-20","취업후상환학자금_생활비","1903","16"
"2021-11-21","일반상환학자금_등록금","0","0"
"2021-11-21","일반상환학자금_생활비","0","0"
"2021-11-21","취업후상환학자금_등록금","0","0"
"2021-11-21","취업후상환학자금_생활비","0","0"
"2021-11-22","일반상환학자금_등록금","0","0"
"2021-11-22","일반상환학자금_생활비","0","0"
"2021-11-22","취업후상환학자금_등록금","0","0"
"2021-11-22","취업후상환학자금_생활비","0","0"
"2021-11-23","일반상환학자금_등록금","0","0"
"2021-11-23","일반상환학자금_생활비","0","0"
"2021-11-23","취업후상환학자금_등록금","350","8"
"2021-11-23","취업후상환학자금_생활비","289","4"
"2021-11-24","일반상환학자금_등록금","0","0"
"2021-11-24","일반상환학자금_생활비","0","0"
"2021-11-24","취업후상환학자금_등록금","337","7"
"2021-11-24","취업후상환학자금_생활비","307","4"
"2021-11-25","일반상환학자금_등록금","0","0"
"2021-11-25","일반상환학자금_생활비","0","0"
"2021-11-25","취업후상환학자금_등록금","0","0"
"2021-11-25","취업후상환학자금_생활비","0","0"
"2021-11-26","일반상환학자금_등록금","0","0"
"2021-11-26","일반상환학자금_생활비","0","0"
"2021-11-26","취업후상환학자금_등록금","0","0"
"2021-11-26","취업후상환학자금_생활비","0","0"
"2021-11-27","일반상환학자금_등록금","0","0"
"2021-11-27","일반상환학자금_생활비","0","0"
"2021-11-27","취업후상환학자금_등록금","0","0"
"2021-11-27","취업후상환학자금_생활비","0","0"
"2021-11-28","일반상환학자금_등록금","0","0"
"2021-11-28","일반상환학자금_생활비","0","0"
"2021-11-28","취업후상환학자금_등록금","0","0"
"2021-11-28","취업후상환학자금_생활비","0","0"
"2021-11-29","일반상환학자금_등록금","0","0"
"2021-11-29","일반상환학자금_생활비","0","0"
"2021-11-29","취업후상환학자금_등록금","0","0"
"2021-11-29","취업후상환학자금_생활비","0","0"
"2021-11-30","일반상환학자금_등록금","0","0"
"2021-11-30","일반상환학자금_생활비","0","0"
"2021-11-30","취업후상환학자금_등록금","0","0"
"2021-11-30","취업후상환학자금_생활비","0","0"
"2021-12-01","일반상환학자금_등록금","0","0"
"2021-12-01","일반상환학자금_생활비","0","0"
"2021-12-01","취업후상환학자금_등록금","0","0"
"2021-12-01","취업후상환학자금_생활비","0","0"
"2021-12-02","일반상환학자금_등록금","0","0"
"2021-12-02","일반상환학자금_생활비","0","0"
"2021-12-02","취업후상환학자금_등록금","0","0"
"2021-12-02","취업후상환학자금_생활비","0","0"
"2021-12-03","일반상환학자금_등록금","0","0"
"2021-12-03","일반상환학자금_생활비","0","0"
"2021-12-03","취업후상환학자금_등록금","0","0"
"2021-12-03","취업후상환학자금_생활비","0","0"
"2021-12-04","일반상환학자금_등록금","0","0"
"2021-12-04","일반상환학자금_생활비","0","0"
"2021-12-04","취업후상환학자금_등록금","0","0"
"2021-12-04","취업후상환학자금_생활비","0","0"
"2021-12-05","일반상환학자금_등록금","0","0"
"2021-12-05","일반상환학자금_생활비","0","0"
"2021-12-05","취업후상환학자금_등록금","0","0"
"2021-12-05","취업후상환학자금_생활비","0","0"
"2021-12-06","일반상환학자금_등록금","0","0"
"2021-12-06","일반상환학자금_생활비","0","0"
"2021-12-06","취업후상환학자금_등록금","0","0"
"2021-12-06","취업후상환학자금_생활비","0","0"
"2021-12-07","일반상환학자금_등록금","0","0"
"2021-12-07","일반상환학자금_생활비","0","0"
"2021-12-07","취업후상환학자금_등록금","0","0"
"2021-12-07","취업후상환학자금_생활비","0","0"
"2021-12-08","일반상환학자금_등록금","0","0"
"2021-12-08","일반상환학자금_생활비","0","0"
"2021-12-08","취업후상환학자금_등록금","0","0"
"2021-12-08","취업후상환학자금_생활비","0","0"
"2021-12-09","일반상환학자금_등록금","0","0"
"2021-12-09","일반상환학자금_생활비","0","0"
"2021-12-09","취업후상환학자금_등록금","0","0"
"2021-12-09","취업후상환학자금_생활비","0","0"
"2021-12-10","일반상환학자금_등록금","0","0"
"2021-12-10","일반상환학자금_생활비","0","0"
"2021-12-10","취업후상환학자금_등록금","0","0"
"2021-12-10","취업후상환학자금_생활비","0","0"
"2021-12-11","일반상환학자금_등록금","0","0"
"2021-12-11","일반상환학자금_생활비","0","0"
"2021-12-11","취업후상환학자금_등록금","0","0"
"2021-12-11","취업후상환학자금_생활비","0","0"
"2021-12-12","일반상환학자금_등록금","0","0"
"2021-12-12","일반상환학자금_생활비","0","0"
"2021-12-12","취업후상환학자금_등록금","0","0"
"2021-12-12","취업후상환학자금_생활비","0","0"
"2021-12-13","일반상환학자금_등록금","0","0"
"2021-12-13","일반상환학자금_생활비","0","0"
"2021-12-13","취업후상환학자금_등록금","0","0"
"2021-12-13","취업후상환학자금_생활비","0","0"
"2021-12-14","일반상환학자금_등록금","0","0"
"2021-12-14","일반상환학자금_생활비","0","0"
"2021-12-14","취업후상환학자금_등록금","0","0"
"2021-12-14","취업후상환학자금_생활비","0","0"
"2021-12-15","일반상환학자금_등록금","0","0"
"2021-12-15","일반상환학자금_생활비","0","0"
"2021-12-15","취업후상환학자금_등록금","0","0"
"2021-12-15","취업후상환학자금_생활비","0","0"
"2021-12-16","일반상환학자금_등록금","0","0"
"2021-12-16","일반상환학자금_생활비","0","0"
"2021-12-16","취업후상환학자금_등록금","0","0"
"2021-12-16","취업후상환학자금_생활비","0","0"
"2021-12-17","일반상환학자금_등록금","0","0"
"2021-12-17","일반상환학자금_생활비","0","0"
"2021-12-17","취업후상환학자금_등록금","0","0"
"2021-12-17","취업후상환학자금_생활비","0","0"
"2021-12-18","일반상환학자금_등록금","0","0"
"2021-12-18","일반상환학자금_생활비","0","0"
"2021-12-18","취업후상환학자금_등록금","0","0"
"2021-12-18","취업후상환학자금_생활비","0","0"
"2021-12-19","일반상환학자금_등록금","0","0"
"2021-12-19","일반상환학자금_생활비","0","0"
"2021-12-19","취업후상환학자금_등록금","0","0"
"2021-12-19","취업후상환학자금_생활비","0","0"
"2021-12-20","일반상환학자금_등록금","0","0"
"2021-12-20","일반상환학자금_생활비","0","0"
"2021-12-20","취업후상환학자금_등록금","0","0"
"2021-12-20","취업후상환학자금_생활비","0","0"
"2021-12-21","일반상환학자금_등록금","0","0"
"2021-12-21","일반상환학자금_생활비","0","0"
"2021-12-21","취업후상환학자금_등록금","0","0"
"2021-12-21","취업후상환학자금_생활비","0","0"
"2021-12-22","일반상환학자금_등록금","0","0"
"2021-12-22","일반상환학자금_생활비","0","0"
"2021-12-22","취업후상환학자금_등록금","0","0"
"2021-12-22","취업후상환학자금_생활비","0","0"
"2021-12-23","일반상환학자금_등록금","0","0"
"2021-12-23","일반상환학자금_생활비","0","0"
"2021-12-23","취업후상환학자금_등록금","0","0"
"2021-12-23","취업후상환학자금_생활비","0","0"
"2021-12-24","일반상환학자금_등록금","0","0"
"2021-12-24","일반상환학자금_생활비","0","0"
"2021-12-24","취업후상환학자금_등록금","0","0"
"2021-12-24","취업후상환학자금_생활비","0","0"
"2021-12-25","일반상환학자금_등록금","0","0"
"2021-12-25","일반상환학자금_생활비","0","0"
"2021-12-25","취업후상환학자금_등록금","0","0"
"2021-12-25","취업후상환학자금_생활비","0","0"
"2021-12-26","일반상환학자금_등록금","0","0"
"2021-12-26","일반상환학자금_생활비","0","0"
"2021-12-26","취업후상환학자금_등록금","0","0"
"2021-12-26","취업후상환학자금_생활비","0","0"
"2021-12-27","일반상환학자금_등록금","0","0"
"2021-12-27","일반상환학자금_생활비","0","0"
"2021-12-27","취업후상환학자금_등록금","0","0"
"2021-12-27","취업후상환학자금_생활비","0","0"
"2021-12-28","일반상환학자금_등록금","0","0"
"2021-12-28","일반상환학자금_생활비","0","0"
"2021-12-28","취업후상환학자금_등록금","0","0"
"2021-12-28","취업후상환학자금_생활비","0","0"
"2021-12-29","일반상환학자금_등록금","0","0"
"2021-12-29","일반상환학자금_생활비","0","0"
"2021-12-29","취업후상환학자금_등록금","0","0"
"2021-12-29","취업후상환학자금_생활비","0","0"
"2021-12-30","일반상환학자금_등록금","0","0"
"2021-12-30","일반상환학자금_생활비","0","0"
"2021-12-30","취업후상환학자금_등록금","0","0"
"2021-12-30","취업후상환학자금_생활비","0","0"
"2021-12-31","일반상환학자금_등록금","0","0"
"2021-12-31","일반상환학자금_생활비","0","0"
"2021-12-31","취업후상환학자금_등록금","0","0"
"2021-12-31","취업후상환학자금_생활비","0","0"
